iWine,Type,Color,Category,Vintage,Wine,Locale,Producer,Varietal,Country,Region,SubRegion,CNotes,CScore
2355709,Red,Red,Dry,2011,Abadia Retuerta Selección Especial Sardon de Duero,"Spain, Castilla y León, Vino de la Tierra de Castilla y León",Abadia Retuerta,Tempranillo Blend,Spain,Castilla y León,Unknown,234,91.71428571
38975,Red,Red,Dry,2004,Achával-Ferrer Malbec Finca Altamira,"Argentina, Mendoza, Valle de Uco, La Consulta",Achával-Ferrer,Malbec,Argentina,Mendoza,Valle de Uco,40,93.2
2646850,Red,Red,Dry,2016,African Pride Wines Merlot Footprint The Long Walk,"South Africa, Western Cape",African Pride Wines,Merlot,South Africa,Western Cape,Unknown,0,
865774,Red,Red,Dry,2009,Alamos Malbec,"Argentina, Mendoza",Alamos,Malbec,Argentina,Mendoza,Unknown,216,85.25943396
678833,Red,Red,Dry,2006,Alban Vineyards Syrah Reva Alban Estate Vineyard,"USA, California, Central Coast, Edna Valley",Alban Vineyards,Syrah,USA,California,Central Coast,267,95.50627615
9495,Red,Red,Dry,2000,Alban Vineyards Syrah Reva Alban Estate Vineyard,"USA, California, Central Coast, Edna Valley",Alban Vineyards,Syrah,USA,California,Central Coast,30,93
2272517,Red,Red,Dry,1989,Elio Altare Barbera d'Alba,"Italy, Piedmont, Alba, Barbera d'Alba",Elio Altare,Barbera,Italy,Piedmont,Alba,0,
7593,Red,Red,Dry,1995,Altesino Brunello di Montalcino Montosoli,"Italy, Tuscany, Montalcino, Brunello di Montalcino",Altesino,Sangiovese,Italy,Tuscany,Montalcino,72,92.6875
2518883,Red,Red,Dry,2014,Bodegas Alto Moncayo Campo de Borja Veraton,"Spain, Aragón, Campo de Borja",Bodegas Alto Moncayo,Garnacha,Spain,Aragón,Unknown,90,90.96511628
525000,Red,Red,Dry,2006,Altocedro Malbec Reserva,"Argentina, Mendoza, Valle de Uco, La Consulta",Altocedro,Malbec,Argentina,Mendoza,Valle de Uco,28,89.60714286
25587,Red,Red,Dry,2002,Altos Las Hormigas Malbec,"Argentina, Mendoza",Altos Las Hormigas,Malbec,Argentina,Mendoza,Unknown,14,83.08333333
4568,Red,Red,Dry,1997,Alvaro Palacios Priorat Finca Dofí,"Spain, Catalunya, Priorat",Alvaro Palacios,Red Blend,Spain,Catalunya,Unknown,16,89.69230769
197226,Red,Red,Dry,1996,Alvaro Palacios Priorat Les Terrasses,"Spain, Catalunya, Priorat",Alvaro Palacios,Carignan Blend,Spain,Catalunya,Unknown,2,92
963867,Red,Red,Dry,2008,Andrew Will Sorella,"USA, Washington, Columbia Valley, Horse Heaven Hills",Andrew Will,Red Bordeaux Blend,USA,Washington,Columbia Valley,72,91.40909091
26999,Red,Red,Dry,1997,Antinori Chianti Classico Riserva Badia a Passignano,"Italy, Tuscany, Chianti, Chianti Classico DOCG",Antinori,Sangiovese Blend,Italy,Tuscany,Chianti,54,89.2
2025461,Red,Red,Dry,2010,Tenuta di Arceno Il Fauno Di Arcanum Toscana IGT,"Italy, Tuscany, Toscana IGT",Tenuta di Arceno,SuperTuscan Blend,Italy,Tuscany,Unknown,34,90.21212121
565357,White - Sparkling,White,Sparkling,1998,Argyle Extended Tirage Brut,"USA, Oregon, Willamette Valley",Argyle,Champagne Blend,USA,Oregon,Willamette Valley,83,91.91139241
411733,White - Sparkling,White,Sparkling,1997,Argyle Extended Tirage Brut,"USA, Oregon, Willamette Valley",Argyle,Champagne Blend,USA,Oregon,Willamette Valley,63,91.38333333
3119,Red,Red,Dry,2000,Argyle Pinot Noir Reserve,"USA, Oregon, Willamette Valley",Argyle,Pinot Noir,USA,Oregon,Willamette Valley,19,89.36842105
375060,White - Sweet/Dessert,White,Sweet/Dessert,1993,Arrowood Riesling Special Select Late Harvest Oak Meadow Vineyard,"USA, California, Sonoma County, Russian River Valley",Arrowood,Riesling,USA,California,Sonoma County,1,93
1851060,Red,Red,Dry,1999,Artesa Cabernet Sauvignon Artisan Reserve,"USA, California, Napa Valley",Artesa,Cabernet Sauvignon,USA,California,Napa Valley,0,
1698036,Red,Red,Dry,2010,Astrolabe Wines Pinot Noir Province,"New Zealand, South Island, Marlborough",Astrolabe Wines,Pinot Noir,New Zealand,South Island,Marlborough,13,90.69230769
1499201,Red,Red,Dry,2009,Badenhorst Family Wines A.A. Badenhorst Red Blend,"South Africa, Coastal Region, Swartland",Badenhorst Family Wines,Red Blend,South Africa,Coastal Region,Swartland,5,88.75
2162996,Red,Red,Dry,2012,Baer Winery Ursa,"USA, Washington, Columbia Valley",Baer Winery,Red Bordeaux Blend,USA,Washington,Columbia Valley,69,91.83333333
1115958,Red,Red,Dry,2008,Baer Winery Ursa,"USA, Washington, Columbia Valley",Baer Winery,Red Bordeaux Blend,USA,Washington,Columbia Valley,104,91.7745098
136400,Red,Red,Dry,1985,Castello Banfi Brunello di Montalcino,"Italy, Tuscany, Montalcino, Brunello di Montalcino",Castello Banfi,Sangiovese,Italy,Tuscany,Montalcino,5,89
3858,Red,Red,Dry,1990,Castello Banfi Brunello di Montalcino Riserva Poggio All'Oro,"Italy, Tuscany, Montalcino, Brunello di Montalcino",Castello Banfi,Sangiovese,Italy,Tuscany,Montalcino,31,92.84615385
1206513,Red,Red,Dry,2006,Barone Ricasoli Chianti Classico Castello di Brolio,"Italy, Tuscany, Chianti, Chianti Classico DOCG",Barone Ricasoli,Sangiovese Blend,Italy,Tuscany,Chianti,356,91.46153846
626846,Red,Red,Dry,1989,Beni di Batasiolo Barolo Vigneto Corda della Briccolina,"Italy, Piedmont, Langhe, Barolo",Beni di Batasiolo,Nebbiolo,Italy,Piedmont,Langhe,2,93
3097316,White - Sweet/Dessert,White,Sweet/Dessert,2015,Domaine des Baumard Quarts de Chaume,"France, Loire Valley, Anjou-Saumur, Quarts de Chaume",Domaine des Baumard,Chenin Blanc,France,Loire Valley,Anjou-Saumur,0,
2393260,Red,Red,Dry,2015,Château de Beaucastel Châteauneuf-du-Pape,"France, Rhône, Southern Rhône, Châteauneuf-du-Pape",Château de Beaucastel,Red Rhone Blend,France,Rhône,Southern Rhône,83,93.29850746
1141796,Red,Red,Dry,2010,Château de Beaucastel Châteauneuf-du-Pape,"France, Rhône, Southern Rhône, Châteauneuf-du-Pape",Château de Beaucastel,Red Rhone Blend,France,Rhône,Southern Rhône,322,92.72084806
3223576,Red,Red,Dry,2017,Château de Beaucastel Châteauneuf-du-Pape Hommage à Jacques Perrin,"France, Rhône, Southern Rhône, Châteauneuf-du-Pape",Château de Beaucastel,Red Rhone Blend,France,Rhône,Southern Rhône,0,
843228,Red,Red,Dry,1995,Beaulieu Vineyard Pinot Noir Reserve,"USA, California, Napa / Sonoma, Carneros",Beaulieu Vineyard,Pinot Noir,USA,California,Napa / Sonoma,2,89
192928,Red,Red,Dry,1997,Beaulieu Vineyard Tapestry Reserve,"USA, California, Napa Valley",Beaulieu Vineyard,Red Bordeaux Blend,USA,California,Napa Valley,265,90.7826087
185272,Red,Red,Dry,1996,Beaulieu Vineyard Tapestry Reserve,"USA, California, Napa Valley",Beaulieu Vineyard,Red Bordeaux Blend,USA,California,Napa Valley,86,89.69135802
9281,Red,Red,Dry,1998,Domaine de Beaurenard (Paul Coulon et Fils) Châteauneuf-du-Pape,"France, Rhône, Southern Rhône, Châteauneuf-du-Pape",Domaine de Beaurenard (Paul Coulon et Fils),Red Rhone Blend,France,Rhône,Southern Rhône,41,88.87878788
2688657,Red,Red,Dry,1992,"Beaux Frères Pinot Noir Belles Soeurs ""The Wild Thing"" Muirfield Vineyard","USA, Oregon, Willamette Valley",Beaux Frères,Pinot Noir,USA,Oregon,Willamette Valley,0,
1668087,Red,Red,Dry,2012,Bedrock Wine Co. Bedrock Heritage Wine,"USA, California, Sonoma County, Sonoma Valley",Bedrock Wine Co.,Zinfandel Blend,USA,California,Sonoma County,145,92.92366412
779330,Red,Red,Dry,2008,Bedrock Wine Co. The Bedrock Heirloom,"USA, California, Sonoma County, Sonoma Valley",Bedrock Wine Co.,Red Blend,USA,California,Sonoma County,39,91.75
1019691,Red,Red,Dry,1985,Château Belregard-Figeac,"France, Bordeaux, Libournais, St. Émilion Grand Cru",Château Belregard-Figeac,Red Bordeaux Blend,France,Bordeaux,Libournais,1,
73234,Red,Red,Dry,1987,Benziger Family Winery Cabernet Sauvignon,"USA, California, Sonoma County",Benziger Family Winery,Cabernet Sauvignon,USA,California,Sonoma County,0,
15809,Red,Red,Dry,2001,Bergström Pinot Noir,"USA, Oregon, Willamette Valley",Bergström,Pinot Noir,USA,Oregon,Willamette Valley,7,88.66666667
2019257,Red,Red,Dry,2013,Bergström Pinot Noir Le Pre Du Col,"USA, Oregon, Willamette Valley, Ribbon Ridge",Bergström,Pinot Noir,USA,Oregon,Willamette Valley,57,91.2244898
12110,Red,Red,Dry,1999,Beringer Vineyards Alluvium,"USA, California, Sonoma County, Knights Valley",Beringer Vineyards,Red Bordeaux Blend,USA,California,Sonoma County,34,88.19354839
1413691,Red,Red,Dry,1996,Beringer Vineyards Cabernet Sauvignon,"USA, California, Napa Valley, Mt. Veeder",Beringer Vineyards,Cabernet Sauvignon,USA,California,Napa Valley,0,
452073,White,White,Dry,2006,Beringer Vineyards Chardonnay Private Reserve,"USA, California, Napa Valley",Beringer Vineyards,Chardonnay,USA,California,Napa Valley,131,89.6446281
10519,Red,Red,Dry,1992,Beringer Vineyards Merlot Bancroft Ranch,"USA, California, Napa Valley, Howell Mountain",Beringer Vineyards,Merlot,USA,California,Napa Valley,53,91.97674419
72357,White,White,Dry,1996,Bernardus Winery Chardonnay,"USA, California, Central Coast, Monterey County",Bernardus Winery,Chardonnay,USA,California,Central Coast,2,86
1225369,Red,Red,Dry,2010,Domaine Bertrand Stehelin Gigondas,"France, Rhône, Southern Rhône, Gigondas",Domaine Bertrand Stehelin,Red Rhone Blend,France,Rhône,Southern Rhône,16,89.8
1745878,Red,Red,Dry,2011,Gérard Bertrand Corbières Grenache/Syrah/Mourvedre,"France, Languedoc Roussillon, Languedoc, Corbières",Gérard Bertrand,Red Blend,France,Languedoc Roussillon,Languedoc,27,86.11538462
143324,Red,Red,Dry,1989,Amiral de Beychevelle,"France, Bordeaux, Médoc, St. Julien",Amiral de Beychevelle,Red Bordeaux Blend,France,Bordeaux,Médoc,7,87
188751,White,White,Dry,1997,Maison Albert Bichot Chablis,"France, Burgundy, Chablis",Maison Albert Bichot,Chardonnay,France,Burgundy,Chablis,0,
142591,Red,Red,Dry,1988,Bolla Amarone della Valpolicella Classico,"Italy, Veneto, Valpolicella, Amarone della Valpolicella Classico",Bolla,Corvina Blend,Italy,Veneto,Valpolicella,1,93
58000,White - Sparkling,White,Sparkling,1982,Bollinger Champagne La Grande Année,"France, Champagne",Bollinger,Champagne Blend,France,Champagne,Unknown,4,91
11120,Red,Red,Dry,1990,Château Le Bon Pasteur,"France, Bordeaux, Libournais, Pomerol",Château Le Bon Pasteur,Red Bordeaux Blend,France,Bordeaux,Libournais,36,91.53571429
252669,Red,Red,Dry,1986,Bonny Doon Vineyard Le Cigare Volant,"USA, California",Bonny Doon Vineyard,Red Rhone Blend,USA,California,Unknown,1,91
381722,Red,Red,Dry,1985,Bonny Doon Vineyard Pinot Noir Bethel Heights Vineyard,"USA, Oregon, Willamette Valley",Bonny Doon Vineyard,Pinot Noir,USA,Oregon,Willamette Valley,1,83
2367831,Red,Red,Dry,2014,Booker Vineyard Oublie,"USA, California, Central Coast, Paso Robles",Booker Vineyard,Red Rhone Blend,USA,California,Central Coast,14,91.83333333
1913359,Red,Red,Dry,2013,Booker Vineyard Syrah Fracture,"USA, California, Central Coast, Paso Robles",Booker Vineyard,Syrah,USA,California,Central Coast,30,94.68965517
1125085,Red,Red,Dry,2010,Booker Vineyard Syrah Fracture,"USA, California, Central Coast, Paso Robles",Booker Vineyard,Syrah,USA,California,Central Coast,135,94.03100775
2334924,Red,Red,Dry,1998,Bosquet des Papes Châteauneuf-du-Pape,"France, Rhône, Southern Rhône, Châteauneuf-du-Pape",Bosquet des Papes,Red Rhone Blend,France,Rhône,Southern Rhône,1,90
1719140,Red,Red,Dry,2008,Bouchard Père et Fils Volnay 1er Cru,"France, Burgundy, Côte de Beaune, Volnay 1er Cru",Bouchard Père et Fils,Pinot Noir,France,Burgundy,Côte de Beaune,0,
1501122,Red,Red,Dry,2010,Brancaia Maremma Toscana Ilatraia,"Italy, Tuscany, Maremma, Maremma Toscana",Brancaia,Red Bordeaux Blend,Italy,Tuscany,Maremma,84,91.54878049
659603,White,White,Dry,2008,Brancott Estate Sauvignon Blanc Reserve,"New Zealand, South Island, Marlborough",Brancott Estate,Sauvignon Blanc,New Zealand,South Island,Marlborough,80,88.19444444
527226,Rosé,Rosé,Dry,2007,Weingut Willi Bründlmayer,"Austria, Niederösterreich, Wachau",Weingut Willi Bründlmayer,Zweigelt,Austria,Niederösterreich,Wachau,1,
17141,Red,Red,Dry,2001,Buehler Vineyards Cabernet Sauvignon,"USA, California, Napa Valley",Buehler Vineyards,Cabernet Sauvignon,USA,California,Napa Valley,20,88.58823529
236489,Rosé,Rosé,Dry,2003,Buehler Vineyards White Zinfandel,"USA, California, Napa Valley",Buehler Vineyards,Rosé Blend,USA,California,Napa Valley,0,
1762661,White,White,Dry,2013,Buitenverwachting Sauvignon Blanc Bayten,"South Africa, Coastal Region, Cape Peninsula, Constantia",Buitenverwachting,Sauvignon Blanc,South Africa,Coastal Region,Cape Peninsula,10,89
171573,White,White,Dry,1997,Byron Chardonnay Santa Maria Valley,"USA, California, Central Coast, Santa Maria Valley",Byron,Chardonnay,USA,California,Central Coast,4,89.33333333
1550292,Red,Red,Dry,1995,Byron Pinot Noir,"USA, California, Central Coast, Santa Barbara County",Byron,Pinot Noir,USA,California,Central Coast,2,88.5
521235,Red,Red,Dry,1985,Ca' Rome' di Romano Marengo Barbaresco Maria di Brun,"Italy, Piedmont, Langhe, Barbaresco",Ca' Rome' di Romano Marengo,Nebbiolo,Italy,Piedmont,Langhe,3,
610764,Red,Red,Dry,2006,Cabreo Il Borgo Toscana IGT,"Italy, Tuscany, Toscana IGT",Cabreo,SuperTuscan Blend,Italy,Tuscany,Unknown,48,90.75
106267,White,White,Dry,1998,Calera Chardonnay Central Coast,"USA, California, Central Coast",Calera,Chardonnay,USA,California,Central Coast,1,90
12679,Red,Red,Dry,1989,Château Calon-Ségur,"France, Bordeaux, Médoc, St. Estèphe",Château Calon-Ségur,Red Bordeaux Blend,France,Bordeaux,Médoc,87,91.78947368
370672,Red,Red,Dry,2002,Campo Eliseo Toro,"Spain, Castilla y León, Toro",Campo Eliseo,Tinta de Toro,Spain,Castilla y León,Unknown,62,90.89830508
11864,Red,Red,Dry,1990,Campogiovanni (San Felice) Brunello di Montalcino Riserva Vigna del Quercione,"Italy, Tuscany, Montalcino, Brunello di Montalcino",Campogiovanni (San Felice),Sangiovese,Italy,Tuscany,Montalcino,9,93.375
1272495,Red,Red,Dry,2009,Cellers Can Blau Montsant Blau,"Spain, Catalunya, Tarragona, Montsant",Cellers Can Blau,Red Blend,Spain,Catalunya,Tarragona,55,88.2745098
1004455,Red,Red,Dry,1985,Capezzana Ghiaie della Furba Toscana IGT,"Italy, Tuscany, Toscana IGT",Capezzana,SuperTuscan Blend,Italy,Tuscany,Unknown,0,
1129525,Red,Red,Dry,2007,CARM (Casa Agrícola Roboredo Madeira) Douro Grande Reserva,"Portugal, Douro",CARM (Casa Agrícola Roboredo Madeira),Red Blend,Portugal,Douro,Unknown,6,91.66666667
2356128,Red,Red,Dry,2012,CARM (Casa Agrícola Roboredo Madeira) Douro Reserva,"Portugal, Douro",CARM (Casa Agrícola Roboredo Madeira),Red Blend,Portugal,Douro,Unknown,12,89
1073401,Red,Red,Dry,2006,Casanova di Neri Brunello di Montalcino Tenuta Nuova,"Italy, Tuscany, Montalcino, Brunello di Montalcino",Casanova di Neri,Sangiovese,Italy,Tuscany,Montalcino,310,94.38162544
307779,Red,Red,Dry,1995,Castalia Wines Pinot Noir Rochioli Vineyard,"USA, California, Sonoma County, Russian River Valley",Castalia Wines,Pinot Noir,USA,California,Sonoma County,0,
274460,Red,Red,Dry,1985,Castellare di Castellina I Sodi di S. Niccolò Toscana IGT,"Italy, Tuscany, Toscana IGT",Castellare di Castellina,Sangiovese Blend,Italy,Tuscany,Unknown,4,91
1637,Red,Red,Dry,1994,Caymus Cabernet Sauvignon,"USA, California, Napa Valley",Caymus,Cabernet Sauvignon,USA,California,Napa Valley,189,91.27380952
191638,Red,Red,Dry,1985,Caymus Cabernet Sauvignon Napa Valley Cuvée,"USA, California, Napa Valley",Caymus,Cabernet Sauvignon,USA,California,Napa Valley,2,92.5
1656,Red,Red,Dry,1997,Caymus Cabernet Sauvignon Special Selection,"USA, California, Napa Valley",Caymus,Cabernet Sauvignon,USA,California,Napa Valley,156,92.86524823
57879,White,White,Dry,1996,Caymus Sauvignon Blanc,"USA, California, Napa Valley",Caymus,Sauvignon Blanc,USA,California,Napa Valley,3,89
572835,White,White,Dry,1992,Caymus Sauvignon Blanc Barrel Fermented,"USA, California, Napa Valley",Caymus,Sauvignon Blanc,USA,California,Napa Valley,0,
1912334,Red,Red,Dry,2013,Cayuse Syrah Cailloux Vineyard,"USA, Washington, Columbia Valley, Walla Walla Valley",Cayuse,Syrah,USA,Washington,Columbia Valley,37,93.3030303
933462,Red,Red,Dry,2009,Cayuse Syrah Cailloux Vineyard,"USA, Washington, Columbia Valley, Walla Walla Valley",Cayuse,Syrah,USA,Washington,Columbia Valley,126,93.67241379
406336,Red,Red,Dry,2006,Cayuse Syrah Cailloux Vineyard,"USA, Washington, Columbia Valley, Walla Walla Valley",Cayuse,Syrah,USA,Washington,Columbia Valley,153,93.45714286
1507614,Red,Red,Dry,1998,Cellarmaster Wines Shiraz Peter Lehmann,"Australia, South Australia, Barossa",Cellarmaster Wines,Shiraz,Australia,South Australia,Barossa,0,
746047,White - Sweet/Dessert,White,Sweet/Dessert,1986,Chalk Hill Sémillon Late Harvest,"USA, California, Sonoma County, Chalk Hill",Chalk Hill,Sémillon,USA,California,Sonoma County,1,91
285857,Red,Red,Dry,1988,Château Chambert-Marbuzet,"France, Bordeaux, Médoc, St. Estèphe",Château Chambert-Marbuzet,Red Bordeaux Blend,France,Bordeaux,Médoc,1,86
3242089,Red,Red,Dry,2002,Bodegas Chandon Malbec Terrazas de Los Andes,"Argentina, Mendoza",Bodegas Chandon,Malbec,Argentina,Mendoza,Unknown,0,
808965,Red,Red,Dry,2008,M. Chapoutier Côtes du Roussillon Villages Les Vignes de Bila-Haut,"France, Languedoc Roussillon, Roussillon, Côtes du Roussillon Villages",M. Chapoutier,Red Rhone Blend,France,Languedoc Roussillon,Roussillon,198,87.75543478
51593,White,White,Dry,2003,M. Chapoutier St. Joseph Blanc Les Granits,"France, Rhône, Northern Rhône, St. Joseph",M. Chapoutier,Marsanne,France,Rhône,Northern Rhône,17,88.625
811844,Red,Red,Dry,2004,Chappellet Cabernet Sauvignon,"USA, California, Napa Valley",Chappellet,Cabernet Sauvignon,USA,California,Napa Valley,211,91.38947368
834579,Red,Red,Dry,1987,Chappellet Cabernet Sauvignon,"USA, California, Napa Valley",Chappellet,Cabernet Sauvignon,USA,California,Napa Valley,6,91.33333333
228052,White,White,Dry,1988,Chartron et Trébuchet Bâtard-Montrachet,"France, Burgundy, Côte de Beaune, Bâtard-Montrachet Grand Cru",Chartron et Trébuchet,Chardonnay,France,Burgundy,Côte de Beaune,0,
228056,White,White,Dry,1989,Chartron et Trébuchet Chassagne-Montrachet 1er Cru Morgeot,"France, Burgundy, Côte de Beaune, Chassagne-Montrachet 1er Cru",Chartron et Trébuchet,Chardonnay,France,Burgundy,Côte de Beaune,0,
391,Red,Red,Dry,1996,Domaine Robert Chevillon Nuits St. Georges 1er Cru Les Chaignots,"France, Burgundy, Côte de Nuits, Nuits St. Georges 1er Cru",Domaine Robert Chevillon,Pinot Noir,France,Burgundy,Côte de Nuits,20,90.125
70804,Red,Red,Dry,1991,Domaine Robert Chevillon Nuits St. Georges 1er Cru Les Vaucrains,"France, Burgundy, Côte de Nuits, Nuits St. Georges 1er Cru",Domaine Robert Chevillon,Pinot Noir,France,Burgundy,Côte de Nuits,9,90.28571429
2857841,Red - Fortified,Red,Fortified,1991,Churchill Graham Porto Vintage,"Portugal, Douro, Porto",Churchill Graham,Port Blend,Portugal,Douro,Unknown,2,89.5
1344029,Red,Red,Dry,2007,Ciacci Piccolomini d'Aragona Brunello di Montalcino,"Italy, Tuscany, Montalcino, Brunello di Montalcino",Ciacci Piccolomini d'Aragona,Sangiovese,Italy,Tuscany,Montalcino,104,90.625
4864,Red,Red,Dry,1995,Château Clerc Milon,"France, Bordeaux, Médoc, Pauillac",Château Clerc Milon,Red Bordeaux Blend,France,Bordeaux,Médoc,264,90.23966942
27909,Red,Red,Dry,1988,Château Clerc Milon,"France, Bordeaux, Médoc, Pauillac",Château Clerc Milon,Red Bordeaux Blend,France,Bordeaux,Médoc,40,89.88571429
110,Red,Red,Dry,1998,Clos de l'Oratoire,"France, Bordeaux, Libournais, St. Émilion Grand Cru",Clos de l'Oratoire,Red Bordeaux Blend,France,Bordeaux,Libournais,103,90.82105263
1778918,Red,Red,Dry,2012,Clos de l'Oratoire des Papes Châteauneuf-du-Pape,"France, Rhône, Southern Rhône, Châteauneuf-du-Pape",Clos de l'Oratoire des Papes,Red Rhone Blend,France,Rhône,Southern Rhône,24,90
1265875,Red,Red,Dry,2010,Clos de l'Oratoire des Papes Châteauneuf-du-Pape,"France, Rhône, Southern Rhône, Châteauneuf-du-Pape",Clos de l'Oratoire des Papes,Red Rhone Blend,France,Rhône,Southern Rhône,92,90.29069767
74239,Red,Red,Dry,2003,Domaine du Clos de Tart Clos de Tart,"France, Burgundy, Côte de Nuits, Clos de Tart Grand Cru",Domaine du Clos de Tart,Pinot Noir,France,Burgundy,Côte de Nuits,64,92.56603774
759695,White,White,Dry,1987,Clos du Bois Chardonnay Alexander Valley,"USA, California, Sonoma County, Alexander Valley",Clos du Bois,Chardonnay,USA,California,Sonoma County,0,
2064434,Red,Red,Dry,2014,Clos Fourtet,"France, Bordeaux, Libournais, St. Émilion Grand Cru",Clos Fourtet,Red Bordeaux Blend,France,Bordeaux,Libournais,25,91.86956522
1601095,Red,Red,Dry,2012,Clos Fourtet,"France, Bordeaux, Libournais, St. Émilion Grand Cru",Clos Fourtet,Red Bordeaux Blend,France,Bordeaux,Libournais,40,91.68571429
1525670,Red,Red,Dry,2011,Clos Henri Pinot Noir Bel Echo,"New Zealand, South Island, Marlborough",Clos Henri,Pinot Noir,New Zealand,South Island,Marlborough,5,89
106904,Red,Red,Dry,2001,Clos Mogador Priorat,"Spain, Catalunya, Priorat",Clos Mogador,Grenache Blend,Spain,Catalunya,Unknown,112,93.13592233
1941343,White,White,Dry,2014,Cloudy Bay Sauvignon Blanc,"New Zealand, South Island, Marlborough",Cloudy Bay,Sauvignon Blanc,New Zealand,South Island,Marlborough,162,89.31578947
252954,White,White,Dry,1996,Cloudy Bay Sauvignon Blanc,"New Zealand, South Island, Marlborough",Cloudy Bay,Sauvignon Blanc,New Zealand,South Island,Marlborough,0,
2942273,Red,Red,Dry,2015,Colene Clemens Pinot Noir Dopp Creek,"USA, Oregon, Willamette Valley, Chehalem Mountains",Colene Clemens,Pinot Noir,USA,Oregon,Willamette Valley,59,92.30909091
813509,White,White,Dry,2008,Philippe Colin Chassagne-Montrachet 1er Cru Les Chenevottes,"France, Burgundy, Côte de Beaune, Chassagne-Montrachet 1er Cru",Philippe Colin,Chardonnay,France,Burgundy,Côte de Beaune,20,91.11764706
739383,Red,Red,Dry,2007,Columbia Crest Merlot H3,"USA, Washington, Columbia Valley, Horse Heaven Hills",Columbia Crest,Merlot,USA,Washington,Columbia Valley,232,88.15525114
108072,Red,Red,Dry,2002,Columbia Crest Walter Clore Private Reserve,"USA, Washington, Columbia Valley",Columbia Crest,Red Bordeaux Blend,USA,Washington,Columbia Valley,138,90.81889764
2314794,Red,Red,Dry,2012,Concha y Toro Cabernet Sauvignon Don Melchor,"Chile, Maipo Valley, Puente Alto",Concha y Toro,Cabernet Sauvignon,Chile,Maipo Valley,Unknown,44,93.0952381
1931618,Red,Red,Dry,2010,Concha y Toro Cabernet Sauvignon Don Melchor,"Chile, Maipo Valley, Puente Alto",Concha y Toro,Cabernet Sauvignon,Chile,Maipo Valley,Unknown,140,92.74626866
448623,Red,Red,Dry,2001,Concha y Toro Cabernet Sauvignon Don Melchor,"Chile, Maipo Valley, Puente Alto",Concha y Toro,Cabernet Sauvignon,Chile,Maipo Valley,Unknown,373,91.57060519
10074,Red,Red,Dry,2000,Concha y Toro Cabernet Sauvignon Marqués de Casa Concha,"Chile, Maipo Valley, Puente Alto",Concha y Toro,Cabernet Sauvignon,Chile,Maipo Valley,Unknown,19,88.66666667
3242047,White,White,Dry,1998,Coopers Creek Chardonnay,"New Zealand, North Island, Gisborne",Coopers Creek,Chardonnay,New Zealand,North Island,Gisborne,0,
2505573,White,White,Dry,1987,Cosentino Winery Chardonnay,"USA, California, Napa Valley",Cosentino Winery,Chardonnay,USA,California,Napa Valley,1,89
59096,Red,Red,Dry,1990,Conti Costanti Brunello di Montalcino,"Italy, Tuscany, Montalcino, Brunello di Montalcino",Conti Costanti,Sangiovese,Italy,Tuscany,Montalcino,10,90.57142857
1810069,White - Sweet/Dessert,White,Sweet/Dessert,2013,Château Coutet,"France, Bordeaux, Sauternais, Barsac",Château Coutet,Sémillon-Sauvignon Blanc Blend,France,Bordeaux,Sauternais,31,91.92307692
1452274,Red,Red,Dry,2008,Craggy Range Pinot Noir Single Vineyard Te Muna Road Vineyard,"New Zealand, North Island, Wairarapa, Martinborough",Craggy Range,Pinot Noir,New Zealand,North Island,Wairarapa,87,89.8125
94325,White,White,Dry,2004,Crocker & Starr Sauvignon Blanc,"USA, California, Napa Valley",Crocker & Starr,Sauvignon Blanc,USA,California,Napa Valley,26,89
2060507,Red,Red,Dry,2012,d'Angelo Aglianico del Vulture,"Italy, Basilicata, Aglianico del Vulture",d'Angelo,Aglianico,Italy,Basilicata,Unknown,30,86.7037037
627563,White,White,Dry,2007,Didier Dagueneau Pouilly-Fumé Silex,"France, Loire Valley, Upper Loire, Pouilly-Fumé",Didier Dagueneau,Sauvignon Blanc,France,Loire Valley,Upper Loire,143,93
52344,Red,Red,Dry,2001,Damilano Barolo,"Italy, Piedmont, Langhe, Barolo",Damilano,Nebbiolo,Italy,Piedmont,Langhe,322,88.59859155
565977,White,White,Dry,1986,Vincent Dauvissat (René & Vincent) Chablis Grand Cru Les Clos,"France, Burgundy, Chablis, Chablis Grand Cru",Vincent Dauvissat (René & Vincent),Chardonnay,France,Burgundy,Chablis,0,
1632855,Red,Red,Dry,2011,De Martino Cabernet Sauvignon Legado Gran Reserva,"Chile, Maipo Valley",De Martino,Cabernet Sauvignon,Chile,Maipo Valley,Unknown,10,86.5
135508,White - Sweet/Dessert,White,Sweet/Dessert,2000,Chateau Dereszla Tokaji Aszú 5 Puttonyos,"Hungary, Tokaji",Chateau Dereszla,Furmint Blend,Hungary,Tokaji,Unknown,61,93.03508772
1369536,Red,Red,Dry,2010,Tenuta di Collosorbo Brunello di Montalcino,"Italy, Tuscany, Montalcino, Brunello di Montalcino",Tenuta di Collosorbo,Sangiovese,Italy,Tuscany,Montalcino,21,90.57894737
3033888,White,White,Dry,2016,Di Meo Greco di Tufo,"Italy, Campania, Greco di Tufo DOCG",Di Meo,Greco,Italy,Campania,Unknown,7,89
1668210,Red,Red,Dry,2011,Dominio de Tares Bierzo Cepas Viejas,"Spain, Castilla y León, Bierzo",Dominio de Tares,Mencía,Spain,Castilla y León,Unknown,6,89.2
2849889,Red,Red,Dry,2015,Donnachiara Aglianico Irpinia,"Italy, Campania, Irpinia",Donnachiara,Aglianico,Italy,Campania,Unknown,11,88.88888889
58482,White,White,Dry,1988,Dopff au Moulin Riesling Schoenenbourg,"France, Alsace, Alsace Grand Cru",Dopff au Moulin,Riesling,France,Alsace,Unknown,0,
1064529,Red - Fortified,Red,Fortified,2007,Dow Porto Late Bottled Vintage,"Portugal, Douro, Porto",Dow,Port Blend,Portugal,Douro,Unknown,21,89
14271,Red - Fortified,Red,Fortified,1997,Dow Porto Late Bottled Vintage,"Portugal, Douro, Porto",Dow,Port Blend,Portugal,Douro,Unknown,6,89.66666667
3025297,White,White,Dry,2016,Drouhin Oregon Roserock Chardonnay,"USA, Oregon, Willamette Valley, Eola - Amity Hills",Drouhin Oregon Roserock,Chardonnay,USA,Oregon,Willamette Valley,4,90.75
70832,Red,Red,Dry,1990,Domaine Drouhin Oregon Pinot Noir,"USA, Oregon, Willamette Valley",Domaine Drouhin Oregon,Pinot Noir,USA,Oregon,Willamette Valley,6,88.66666667
194276,White,White,Dry,1989,Joseph Drouhin Corton-Charlemagne,"France, Burgundy, Côte de Beaune, Corton-Charlemagne Grand Cru",Joseph Drouhin,Chardonnay,France,Burgundy,Côte de Beaune,2,93.5
138129,White,White,Dry,1997,Georges Dubouf Pouilly-Fuissé,"France, Burgundy, Mâconnais, Pouilly-Fuissé",Georges Dubouf,Chardonnay,France,Burgundy,Mâconnais,0,
15383,Red,Red,Dry,1994,Château Duhart-Milon,"France, Bordeaux, Médoc, Pauillac",Château Duhart-Milon,Red Bordeaux Blend,France,Bordeaux,Médoc,5,94
1767020,Red,Red,Dry,2012,DuMOL Syrah Eddie's Patch,"USA, California, Sonoma County, Russian River Valley",DuMOL,Syrah,USA,California,Sonoma County,17,92.75
2373517,Red,Red,Dry,2013,Duorum Douro,"Portugal, Douro",Duorum,Red Blend,Portugal,Douro,Unknown,69,88.37096774
3096988,Red,Red,Dry,2015,Easton Zinfandel Amador County,"USA, California, Sierra Foothills, Amador County",Easton,Zinfandel,USA,California,Sierra Foothills,1,92
3186747,White,White,Dry,2017,Edetària Terra Alta Via Terra,"Spain, Catalunya, Tarragona, Terra Alta",Edetària,Garnatxa Blanca,Spain,Catalunya,Tarragona,0,
1800480,Red,Red,Dry,2011,Emeritus Vineyards Pinot Noir Don's Block Hallberg Ranch,"USA, California, Sonoma County, Russian River Valley",Emeritus Vineyards,Pinot Noir,USA,California,Sonoma County,7,90.71428571
2676366,Red,Red,Dry,2015,Bodegas Emilio Moro Ribera del Duero,"Spain, Castilla y León, Ribera del Duero",Bodegas Emilio Moro,Tempranillo,Spain,Castilla y León,Unknown,47,89.02272727
411222,Red,Red,Dry,2006,Bodegas Emilio Moro Ribera del Duero,"Spain, Castilla y León, Ribera del Duero",Bodegas Emilio Moro,Tempranillo,Spain,Castilla y León,Unknown,254,89.61570248
316167,Red,Red,Dry,2005,Erath Pinot Noir Estate Selection Dundee Hills,"USA, Oregon, Willamette Valley, Dundee Hills",Erath,Pinot Noir,USA,Oregon,Willamette Valley,65,88.49152542
5436,Red,Red,Dry,1994,Estancia Meritage Alexander Valley,"USA, California, Sonoma County, Alexander Valley",Estancia,Red Bordeaux Blend,USA,California,Sonoma County,14,90.07692308
17007,Red,Red,Dry,1990,Estancia Meritage Alexander Valley,"USA, California, Sonoma County, Alexander Valley",Estancia,Red Bordeaux Blend,USA,California,Sonoma County,3,89
1420827,Red,Red,Dry,2010,Evening Land Vineyards Celebration Les Gamines Seven Springs Vineyard,"USA, Oregon, Willamette Valley, Eola - Amity Hills",Evening Land Vineyards,Gamay-Pinot Noir Blend,USA,Oregon,Willamette Valley,7,88.42857143
160023,Red,Red,Dry,1988,Fattoria di Fèlsina Berardenga Chianti Classico Riserva,"Italy, Tuscany, Chianti, Chianti Classico DOCG",Fattoria di Fèlsina Berardenga,Sangiovese,Italy,Tuscany,Chianti,2,91
88488,Red,Red,Dry,1994,Fattoria di Fèlsina Berardenga Chianti Classico Riserva Rancia,"Italy, Tuscany, Chianti, Chianti Classico DOCG",Fattoria di Fèlsina Berardenga,Sangiovese,Italy,Tuscany,Chianti,19,90.0625
253460,Red,Red,Dry,1985,Fattoria di Fèlsina Berardenga Chianti Classico Riserva Rancia,"Italy, Tuscany, Chianti, Chianti Classico DOCG",Fattoria di Fèlsina Berardenga,Sangiovese,Italy,Tuscany,Chianti,3,88
586297,Red,Red,Dry,1986,Bodegas Alejandro Fernández Ribera del Duero Gran Reserva Pesquera,"Spain, Castilla y León, Ribera del Duero",Bodegas Alejandro Fernández,Tempranillo,Spain,Castilla y León,Unknown,0,
178994,Red,Red,Dry,1991,Bodegas Alejandro Fernández Ribera del Duero Tinto Pesquera,"Spain, Castilla y León, Ribera del Duero",Bodegas Alejandro Fernández,Tempranillo,Spain,Castilla y León,Unknown,16,90.28571429
84090,Red,Red,Dry,1995,Château Ferrande,"France, Bordeaux, Graves",Château Ferrande,Red Bordeaux Blend,France,Bordeaux,Graves,0,
19050,White,White,Dry,1995,Ferrari-Carano Chardonnay,"USA, California, Sonoma County, Alexander Valley",Ferrari-Carano,Chardonnay,USA,California,Sonoma County,1,87
351347,White,White,Dry,1986,Ferrari-Carano Chardonnay Reserve,"USA, California, Napa / Sonoma, Carneros",Ferrari-Carano,Chardonnay,USA,California,Napa / Sonoma,4,92.5
2098226,Red,Red,Dry,2013,Feudo di Santa Croce Primitivo di Manduria LXXIV,"Italy, Puglia, Primitivo di Manduria",Feudo di Santa Croce,Primitivo,Italy,Puglia,Unknown,51,88.38297872
114327,White,White,Dry,2004,Domaine William Fèvre Chablis,"France, Burgundy, Chablis",Domaine William Fèvre,Chardonnay,France,Burgundy,Chablis,18,88
1603298,Red,Red,Dry,2012,Château Figeac,"France, Bordeaux, Libournais, St. Émilion Grand Cru",Château Figeac,Red Bordeaux Blend,France,Bordeaux,Libournais,27,92.4
174867,Red,Red,Dry,1996,Finca Allende Rioja Allende,"Spain, La Rioja, Rioja",Finca Allende,Tempranillo,Spain,La Rioja,Unknown,2,87.5
2586196,Red,Red,Dry,2015,Finca Decero Malbec Remolinos Vineyard,"Argentina, Mendoza, Lujan de Cuyo, Agrelo",Finca Decero,Malbec,Argentina,Mendoza,Lujan de Cuyo,25,89.17391304
29539,Red,Red,Dry,2000,Château de Flaugergues Coteaux du Languedoc La Méjanelle Cuvée Sommelière,"France, Languedoc Roussillon, Languedoc, Coteaux du Languedoc La Méjanelle",Château de Flaugergues,Red Rhone Blend,France,Languedoc Roussillon,Languedoc,1,
155095,Red,Red,Dry,1991,Flora Springs Cabernet Sauvignon Reserve,"USA, California, Napa Valley",Flora Springs,Cabernet Sauvignon,USA,California,Napa Valley,7,92.83333333
21361,Red,Red,Dry,1992,Flora Springs Cabernet Sauvignon Rutherford Hillside Reserve,"USA, California, Napa Valley, Rutherford",Flora Springs,Cabernet Sauvignon,USA,California,Napa Valley,6,92
1420094,Red,Red,Dry,2010,Folonari Chianti,"Italy, Tuscany, Chianti",Folonari,Sangiovese Blend,Italy,Tuscany,Chianti,82,87.85365854
2691422,Red - Fortified,Red,Fortified,2011,Fonseca Porto Guimaraens Late Bottled Vintage,"Portugal, Douro, Porto",Fonseca,Port Blend,Portugal,Douro,Unknown,1,90
1115364,Red - Fortified,Red,Fortified,1994,Fonseca Porto Guimaraens Late Bottled Vintage,"Portugal, Douro, Porto",Fonseca,Port Blend,Portugal,Douro,Unknown,3,93
726445,Red - Fortified,Red,Fortified,1992,Fonseca Porto Guimaraens Late Bottled Vintage,"Portugal, Douro, Porto",Fonseca,Port Blend,Portugal,Douro,Unknown,0,
3003095,Red - Fortified,Red,Fortified,1991,Fonseca Porto Guimaraens Late Bottled Vintage,"Portugal, Douro, Porto",Fonseca,Port Blend,Portugal,Douro,Unknown,0,
8668,Red,Red,Dry,1997,Fontanabianca Barbaresco Sori Burdin,"Italy, Piedmont, Langhe, Barbaresco",Fontanabianca,Nebbiolo,Italy,Piedmont,Langhe,21,90.72222222
19579,Red,Red,Dry,1997,Fontodi Chianti Classico,"Italy, Tuscany, Chianti, Chianti Classico DOCG",Fontodi,Sangiovese,Italy,Tuscany,Chianti,31,90.41666667
306142,Red,Red,Dry,1991,Fontodi Chianti Classico Riserva,"Italy, Tuscany, Chianti, Chianti Classico DOCG",Fontodi,Sangiovese Blend,Italy,Tuscany,Chianti,0,
636637,Red,Red,Dry,2006,Fontodi Flaccianello della Pieve Colli della Toscana Centrale IGT,"Italy, Tuscany, Colli della Toscana Centrale IGT",Fontodi,Sangiovese,Italy,Tuscany,Unknown,338,93.60841424
30749,Red,Red,Dry,2001,Fontodi Flaccianello della Pieve Colli della Toscana Centrale IGT,"Italy, Tuscany, Colli della Toscana Centrale IGT",Fontodi,Sangiovese,Italy,Tuscany,Unknown,156,93.5
332006,White - Sweet/Dessert,White,Sweet/Dessert,1989,Freemark Abbey Johannisberg Riesling Edelwein Gold,"USA, California, Napa Valley",Freemark Abbey,Johannisberg Riesling,USA,California,Napa Valley,0,
1905236,Red,Red,Dry,2007,Marchesi de' Frescobaldi Chianti Rùfina Castello di Nipozzano Riserva Montesodi,"Italy, Tuscany, Chianti, Chianti Rùfina",Marchesi de' Frescobaldi,Sangiovese Blend,Italy,Tuscany,Chianti,23,87.73913043
523499,Red,Red,Dry,2005,Marchesi de' Frescobaldi Chianti Rùfina Castello di Nipozzano Riserva Montesodi,"Italy, Tuscany, Chianti, Chianti Rùfina",Marchesi de' Frescobaldi,Sangiovese Blend,Italy,Tuscany,Chianti,35,88.02941176
1895274,Red,Red,Dry,2004,Marchesi de' Frescobaldi Chianti Rùfina Castello di Nipozzano Riserva Montesodi,"Italy, Tuscany, Chianti, Chianti Rùfina",Marchesi de' Frescobaldi,Sangiovese Blend,Italy,Tuscany,Chianti,63,89.64150943
226811,White,White,Dry,1986,Jean Noel Gagnard Bâtard-Montrachet,"France, Burgundy, Côte de Beaune, Bâtard-Montrachet Grand Cru",Jean Noel Gagnard,Chardonnay,France,Burgundy,Côte de Beaune,2,
98541,Red,Red,Dry,1995,Gaja Barbaresco Sorì San Lorenzo,"Italy, Piedmont, Langhe, Barbaresco",Gaja,Nebbiolo,Italy,Piedmont,Langhe,31,93.71428571
30079,Red,Red,Dry,1989,Gaja Barbaresco Sorì San Lorenzo,"Italy, Piedmont, Langhe, Barbaresco",Gaja,Nebbiolo,Italy,Piedmont,Langhe,16,93.6
18626,Red,Red,Dry,1985,Gaja Barbaresco Sorì Tildìn,"Italy, Piedmont, Langhe, Barbaresco",Gaja,Nebbiolo,Italy,Piedmont,Langhe,12,91.1
188,Red,Red,Dry,1997,Gaja Langhe Nebbiolo Sperss,"Italy, Piedmont, Langhe, Langhe DOC",Gaja,Nebbiolo,Italy,Piedmont,Langhe,156,95.61702128
2130623,Red,Red,Dry,2013,Galil Mountain Barbera Yiron Vineyard,"Israel, Galilee, Upper Galilee",Galil Mountain,Barbera,Israel,Galilee,Unknown,1,88
52699,Red,Red,Dry,1998,Château de la Gardine Châteauneuf-du-Pape,"France, Rhône, Southern Rhône, Châteauneuf-du-Pape",Château de la Gardine,Red Rhone Blend,France,Rhône,Southern Rhône,189,90.58895706
2059276,White,White,Dry,2013,Domaine Gerovassiliou Chardonnay,"Greece, Macedonia, Epanomi",Domaine Gerovassiliou,Chardonnay,Greece,Macedonia,Unknown,1,93
2576703,White,White,Dry,1998,Geyser Peak Sauvignon Blanc,"USA, California, Sonoma County, Dry Creek Valley",Geyser Peak,Sauvignon Blanc,USA,California,Sonoma County,0,
2504502,Red,Red,Dry,1998,GF Grand Finale Viader V Red Table Wine Viader V,"USA, California, Napa Valley, St. Helena",GF Grand Finale,Red Blend,USA,California,Napa Valley,0,
465090,Red,Red,Dry,2005,Ghost Block Cabernet Sauvignon Estate,"USA, California, Napa Valley, Oakville",Ghost Block,Cabernet Sauvignon,USA,California,Napa Valley,107,91.87755102
150671,White,White,Dry,1986,Girard Chardonnay,"USA, California, Napa Valley",Girard,Chardonnay,USA,California,Napa Valley,1,88
1091492,White,White,Dry,2000,Domaine / Maison Vincent Girardin Corton-Charlemagne,"France, Burgundy, Côte de Beaune, Corton-Charlemagne Grand Cru",Domaine / Maison Vincent Girardin,Chardonnay,France,Burgundy,Côte de Beaune,62,90.68
1097885,Red,Red,Dry,2009,Domaine / Maison Vincent Girardin Moulin-à-Vent Clos de la Tour Domaine de la Tour du Bief,"France, Burgundy, Beaujolais, Moulin-à-Vent",Domaine / Maison Vincent Girardin,Gamay,France,Burgundy,Beaujolais,68,89.14516129
1785260,Red,Red,Dry,2010,Godelia Bierzo,"Spain, Castilla y León, Bierzo",Godelia,Mencía,Spain,Castilla y León,Unknown,49,88.97727273
143942,Red,Red,Dry,2003,Goldeneye Pinot Noir Anderson Valley,"USA, California, North Coast, Anderson Valley",Goldeneye,Pinot Noir,USA,California,North Coast,59,91.05454545
18598,Red,Red,Dry,1996,Alain Graillot Crozes-Hermitage,"France, Rhône, Northern Rhône, Crozes-Hermitage",Alain Graillot,Syrah,France,Rhône,Northern Rhône,10,86.57142857
2176392,Red,Red,Dry,2010,Grapes of Roth Merlot,"USA, New York, Long Island, North Fork",Grapes of Roth,Merlot,USA,New York,Long Island,1,92
33184,Red,Red,Dry,2002,Green Point Shiraz Victoria,"Australia, Victoria",Green Point,Shiraz,Australia,Victoria,Unknown,67,88.80327869
2405714,White,White,Dry,2014,Grosset Riesling Springvale Clare Valley,"Australia, South Australia, Mount Lofty Ranges, Clare Valley",Grosset,Riesling,Australia,South Australia,Mount Lofty Ranges,17,89.875
315,Red,Red,Dry,1998,Tenuta Guado al Tasso (Antinori) Bolgheri Superiore,"Italy, Tuscany, Bolgheri, Bolgheri Superiore",Tenuta Guado al Tasso (Antinori),Red Blend,Italy,Tuscany,Bolgheri,101,91.43956044
9378,Red,Red,Dry,1993,E. Guigal Côte-Rôtie Brune et Blonde,"France, Rhône, Northern Rhône, Côte-Rôtie",E. Guigal,Syrah,France,Rhône,Northern Rhône,5,88.5
13007,Red,Red,Dry,1985,E. Guigal Côte-Rôtie Brune et Blonde,"France, Rhône, Northern Rhône, Côte-Rôtie",E. Guigal,Syrah,France,Rhône,Northern Rhône,72,91.38181818
1077,Red,Red,Dry,1988,E. Guigal Côte-Rôtie La Landonne,"France, Rhône, Northern Rhône, Côte-Rôtie",E. Guigal,Syrah,France,Rhône,Northern Rhône,66,96.3125
1032198,Red,Red,Dry,1989,E. Guigal Crozes-Hermitage,"France, Rhône, Northern Rhône, Crozes-Hermitage",E. Guigal,Syrah,France,Rhône,Northern Rhône,0,
218917,White - Sweet/Dessert,White,Sweet/Dessert,2005,Château Guiraud,"France, Bordeaux, Sauternais, Sauternes",Château Guiraud,Sémillon-Sauvignon Blanc Blend,France,Bordeaux,Sauternais,530,92.63731656
3039,White - Sweet/Dessert,White,Sweet/Dessert,2001,Château Guiraud,"France, Bordeaux, Sauternais, Sauternes",Château Guiraud,Sémillon-Sauvignon Blanc Blend,France,Bordeaux,Sauternais,341,92.55555556
157228,Red,Red,Dry,1985,Château Haut-Bages Averous,"France, Bordeaux, Médoc, Pauillac",Château Haut-Bages Averous,Red Bordeaux Blend,France,Bordeaux,Médoc,2,89.5
2656618,Red,Red,Dry,2010,Château de Haute-Serre Cahors,"France, Southwest France, Cahors",Château de Haute-Serre,Malbec,France,Southwest France,Unknown,25,90.76
168390,White - Sparkling,White,Sparkling,1001,Heidsieck & Co. Monopole Champagne Blue Top Brut,"France, Champagne",Heidsieck & Co. Monopole,Champagne Blend,France,Champagne,Unknown,508,89.27692308
5906,Red,Red,Dry,1996,Heitz Cellar Cabernet Sauvignon,"USA, California, Napa Valley",Heitz Cellar,Cabernet Sauvignon,USA,California,Napa Valley,33,88.29166667
14413,Red,Red,Dry,1985,Heitz Cellar Cabernet Sauvignon Martha's Vineyard,"USA, California, Napa Valley, Oakville",Heitz Cellar,Cabernet Sauvignon,USA,California,Napa Valley,84,92.8
3242017,Red,Red,Dry,1991,Henschke Cabernet Sauvignon Cyril Henschke,"Australia, South Australia, Barossa, Barossa Valley",Henschke,Cabernet Sauvignon,Australia,South Australia,Barossa,0,
352109,Red,Red,Dry,1993,Henschke Keyneton Estate,"Australia, South Australia, Barossa",Henschke,Shiraz Blend,Australia,South Australia,Barossa,7,91.4
151492,Red,Red,Dry,1992,Henschke Keyneton Estate,"Australia, South Australia, Barossa",Henschke,Shiraz Blend,Australia,South Australia,Barossa,1,88
191959,Red,Red,Dry,1987,The Hess Collection Cabernet Sauvignon Hess Estate,"USA, California, Napa Valley",The Hess Collection,Cabernet Sauvignon,USA,California,Napa Valley,0,
177807,White,White,Dry,2004,The Hess Collection Chardonnay,"USA, California, Napa Valley",The Hess Collection,Chardonnay,USA,California,Napa Valley,110,91.14423077
316244,White,White,Dry,1995,The Hess Collection Chardonnay,"USA, California, Napa Valley",The Hess Collection,Chardonnay,USA,California,Napa Valley,2,88
923818,Red,Red,Dry,2010,Hewitt Vineyard Cabernet Sauvignon,"USA, California, Napa Valley, Rutherford",Hewitt Vineyard,Cabernet Sauvignon,USA,California,Napa Valley,106,93.59223301
885122,White - Fortified,White,Fortified,1001,Bodegas Hidalgo Amontillado,"Spain, Andalucía, Manzanilla de Sanlúcar de Barrameda",Bodegas Hidalgo,Palomino Fino,Spain,Andalucía,Unknown,0,
456985,Red,Red,Dry,1994,Hijos de Antonio Barceló Ribera del Duero Viña Mayor Gran Reserva,"Spain, Castilla y León, Ribera del Duero",Hijos de Antonio Barceló,Tempranillo,Spain,Castilla y León,Unknown,3,92
48272,White - Fortified,White,Fortified,1001,Hijos de Rainera Perez Marin La Guita Manzanilla,"Spain, Andalucía, Manzanilla de Sanlúcar de Barrameda",Hijos de Rainera Perez Marin,Palomino Fino,Spain,Andalucía,Unknown,126,86.9375
460154,White - Sweet/Dessert,White,Sweet/Dessert,1996,Hogue Cellars Late Harvest White Riesling,"USA, Washington, Columbia Valley",Hogue Cellars,Riesling,USA,Washington,Columbia Valley,0,
239983,White - Off-dry,White,Dry,2005,Domaine Huet Vouvray Demi-Sec Clos du Bourg,"France, Loire Valley, Touraine, Vouvray",Domaine Huet,Chenin Blanc,France,Loire Valley,Touraine,113,91.48275862
2659484,White - Off-dry,White,Dry,2016,Domaine Huet Vouvray Demi-Sec Le Mont,"France, Loire Valley, Touraine, Vouvray",Domaine Huet,Chenin Blanc,France,Loire Valley,Touraine,23,91.4
3242093,White,White,Dry,1987,Husch Vineyards Gewürztraminer,"USA, California, North Coast, Anderson Valley",Husch Vineyards,Gewürztraminer,USA,California,North Coast,0,
11109,White,White,Dry,2000,Hyde De Villaine Chardonnay,"USA, California, Napa / Sonoma, Carneros",Hyde De Villaine,Chardonnay,USA,California,Napa / Sonoma,15,91.91666667
643871,Red,Red,Dry,1985,Inglenook Vineyards Merlot Reserve,"USA, California, Napa Valley",Inglenook Vineyards,Merlot,USA,California,Napa Valley,4,83
47552,White,White,Dry,2001,Isabel Sauvignon Blanc,"New Zealand, South Island, Marlborough",Isabel,Sauvignon Blanc,New Zealand,South Island,Marlborough,1,92
2601,Red,Red,Dry,1996,Château d'Issan,"France, Bordeaux, Médoc, Margaux",Château d'Issan,Red Bordeaux Blend,France,Bordeaux,Médoc,50,89.69047619
69090,Red,Red,Dry,1985,Paul Jaboulet Aîné Côte-Rôtie Les Jumelles,"France, Rhône, Northern Rhône, Côte-Rôtie",Paul Jaboulet Aîné,Syrah,France,Rhône,Northern Rhône,41,92.12
23734,Red,Red,Dry,1999,Paul Jaboulet Aîné Crozes-Hermitage Les Jalets,"France, Rhône, Northern Rhône, Crozes-Hermitage",Paul Jaboulet Aîné,Syrah,France,Rhône,Northern Rhône,19,86.55555556
9057,Red,Red,Dry,1989,Paul Jaboulet Aîné Hermitage La Chapelle,"France, Rhône, Northern Rhône, Hermitage",Paul Jaboulet Aîné,Syrah,France,Rhône,Northern Rhône,358,92.91821561
102332,Red,Red,Dry,1985,Louis Jadot Bonnes Mares,"France, Burgundy, Côte de Nuits, Bonnes Mares Grand Cru",Louis Jadot,Pinot Noir,France,Burgundy,Côte de Nuits,29,93.66666667
952292,Red,Red,Dry,2009,Louis Jadot Moulin-à-Vent Château des Jacques,"France, Burgundy, Beaujolais, Moulin-à-Vent",Louis Jadot,Gamay,France,Burgundy,Beaujolais,218,88.87428571
55603,Red,Red,Dry,1996,Louis Jadot Santenay Clos de Malte,"France, Burgundy, Côte de Beaune, Santenay",Louis Jadot,Pinot Noir,France,Burgundy,Côte de Beaune,4,88
9372,Red,Red,Dry,1996,Domaine Jamet Côte-Rôtie,"France, Rhône, Northern Rhône, Côte-Rôtie",Domaine Jamet,Syrah,France,Rhône,Northern Rhône,36,92.46428571
2298981,Red,Red,Dry,2009,Domaine Jean-Michel Stephan Côte-Rôtie Coteaux de Bassenon,"France, Rhône, Northern Rhône, Côte-Rôtie",Domaine Jean-Michel Stephan,Syrah,France,Rhône,Northern Rhône,0,
493956,White,White,Dry,1996,Pascal Jolivet Sancerre,"France, Loire Valley, Upper Loire, Sancerre",Pascal Jolivet,Sauvignon Blanc,France,Loire Valley,Upper Loire,0,
2300779,Red,Red,Dry,2014,Justin Vineyards & Winery Justification,"USA, California, Central Coast, Paso Robles",Justin Vineyards & Winery,Red Bordeaux Blend,USA,California,Central Coast,82,91.24675325
65790,Red,Red,Dry,1999,Justin Vineyards & Winery Justification,"USA, California, Central Coast, Paso Robles",Justin Vineyards & Winery,Red Bordeaux Blend,USA,California,Central Coast,8,87
897968,Red,Red,Dry,2008,Kanonkop Pinotage,"South Africa, Coastal Region, Stellenbosch, Simonsberg-Stellenbosch",Kanonkop,Pinotage,South Africa,Coastal Region,Stellenbosch,59,88.45454545
3125008,Red,Red,Dry,2004,Ken Wright Pinot Noir Meredith Mitchell & Canary Hill Vineyard Blend,"USA, Oregon, Willamette Valley",Ken Wright,Pinot Noir,USA,Oregon,Willamette Valley,0,
2766297,White,White,Dry,1999,"Kendall-Jackson Chardonnay ""Great Estates""","USA, California, Central Coast, Monterey",Kendall-Jackson,Chardonnay,USA,California,Central Coast,0,
23231,White - Off-dry,White,Dry,1997,Reichsgraf von Kesselstatt Scharzhofberger Riesling Spätlese Grosse Lage,"Germany, Mosel Saar Ruwer",Reichsgraf von Kesselstatt,Riesling,Germany,Mosel Saar Ruwer,Unknown,5,90.2
304588,Red,Red,Dry,1992,Kiona Merlot Columbia Valley,"USA, Washington, Columbia Valley",Kiona,Merlot,USA,Washington,Columbia Valley,0,
61805,White,White,Dry,1992,Kistler Chardonnay Cuvée Cathleen,"USA, California, Sonoma County",Kistler,Chardonnay,USA,California,Sonoma County,0,
29620,White,White,Dry,1997,Kistler Chardonnay Dutton Ranch,"USA, California, Sonoma County, Russian River Valley",Kistler,Chardonnay,USA,California,Sonoma County,16,90.0625
1101535,White - Sparkling,White,Sparkling,1001,Korbel Brut California Champagne,"USA, California",Korbel,Champagne Blend,USA,California,Unknown,51,84
3219395,Red,Red,Dry,2003,Kosta Browne Pinot Noir Estate Sonoma Coast,"USA, California, Sonoma County, Sonoma Coast",Kosta Browne,Pinot Noir,USA,California,Sonoma County,0,
330761,Red,Red,Dry,2005,Kosta Browne Pinot Noir Kanzler Vineyard,"USA, California, Sonoma County, Sonoma Coast",Kosta Browne,Pinot Noir,USA,California,Sonoma County,122,93.18681319
1720274,Red,Red,Dry,2010,Viña Koyle Carménère Alto Colchagua Royale Los Lingues,"Chile, Rapel Valley, Colchagua Valley",Viña Koyle,Carménère,Chile,Rapel Valley,Colchagua Valley,6,87
3111899,White - Sparkling,White,Sparkling,1996,Krug Champagne Brut Grande Cuvée,"France, Champagne",Krug,Champagne Blend,France,Champagne,Unknown,0,
438672,White - Sparkling,White,Sparkling,1995,Krug Champagne Clos d'Ambonnay,"France, Champagne",Krug,Pinot Noir,France,Champagne,Unknown,18,95.23076923
1950624,Red,Red,Dry,2001,L'Ecole No. 41 Syrah Estate Seven Hills Vineyard,"USA, Washington, Columbia Valley, Walla Walla Valley",L'Ecole No. 41,Syrah,USA,Washington,Columbia Valley,19,91
7067,Red,Red,Dry,1989,Château L'Eglise-Clinet,"France, Bordeaux, Libournais, Pomerol",Château L'Eglise-Clinet,Red Bordeaux Blend,France,Bordeaux,Libournais,20,90.91666667
56779,Red,Red,Dry,1989,Château La Fleur-Pétrus,"France, Bordeaux, Libournais, Pomerol",Château La Fleur-Pétrus,Red Bordeaux Blend,France,Bordeaux,Libournais,18,89.94117647
242788,Red,Red,Dry,1986,Château La Louvière,"France, Bordeaux, Graves, Pessac-Léognan",Château La Louvière,Red Bordeaux Blend,France,Bordeaux,Graves,4,84.66666667
4686,Red,Red,Dry,2001,Château La Nerthe Châteauneuf-du-Pape,"France, Rhône, Southern Rhône, Châteauneuf-du-Pape",Château La Nerthe,Red Rhone Blend,France,Rhône,Southern Rhône,136,90.08403361
483281,Red,Red,Dry,2006,Château La Sauvageonne (Gérard Bertrand) Coteaux du Languedoc Les Terrasses du Larzac Cuvée Les Ruffes,"France, Languedoc Roussillon, Languedoc, Coteaux du Languedoc Les Terrasses du Larzac",Château La Sauvageonne (Gérard Bertrand),Red Rhone Blend,France,Languedoc Roussillon,Languedoc,19,88.73684211
894425,Red,Red,Dry,2009,Château La Tour-Martillac,"France, Bordeaux, Graves, Pessac-Léognan",Château La Tour-Martillac,Red Bordeaux Blend,France,Bordeaux,Graves,72,91.02857143
84190,Red,Red,Dry,1988,Château Labégorce-Zédé,"France, Bordeaux, Médoc, Margaux",Château Labégorce-Zédé,Red Bordeaux Blend,France,Bordeaux,Médoc,1,89
1476159,Red - Sweet/Dessert,Red,Sweet/Dessert,2010,Lagier Meredith Precious Bane,"USA, California, Napa Valley, Mt. Veeder",Lagier Meredith,Syrah,USA,California,Napa Valley,8,92.16666667
1868709,Red,Red,Dry,2011,Château Lamartine Cahors,"France, Southwest France, Cahors",Château Lamartine,Malbec Blend,France,Southwest France,Unknown,31,89.72413793
240724,Red,Red,Dry,2005,Domaine des Lambrays Clos des Lambrays,"France, Burgundy, Côte de Nuits, Clos des Lambrays Grand Cru",Domaine des Lambrays,Pinot Noir,France,Burgundy,Côte de Nuits,102,92.68292683
826016,Red,Red,Dry,2004,Bodegas LAN Rioja Gran Reserva,"Spain, La Rioja, La Rioja Alta, Rioja",Bodegas LAN,Tempranillo,Spain,La Rioja,La Rioja Alta,35,87.94117647
1627523,White,White,Dry,1997,Landmark Chardonnay,"USA, California, Sonoma County, Sonoma Coast",Landmark,Chardonnay,USA,California,Sonoma County,0,
52227,Red,Red,Dry,1989,Château Langoa Barton,"France, Bordeaux, Médoc, St. Julien",Château Langoa Barton,Red Bordeaux Blend,France,Bordeaux,Médoc,25,90.65217391
146504,White - Sparkling,White,Sparkling,1985,Lanson Champagne Gold Label Brut,"France, Champagne",Lanson,Champagne Blend,France,Champagne,Unknown,3,90
1333289,Red,Red,Dry,2011,Marcel Lapierre Morgon,"France, Burgundy, Beaujolais, Morgon",Marcel Lapierre,Gamay,France,Burgundy,Beaujolais,278,90.22439024
16634,White,White,Dry,1996,Domaine Laroche Chablis Grand Cru Les Clos,"France, Burgundy, Chablis, Chablis Grand Cru",Domaine Laroche,Chardonnay,France,Burgundy,Chablis,8,89.66666667
1023867,Red,Red,Dry,1989,Château LaTour de Bresson,"France, Bordeaux, Médoc, Pauillac",Château LaTour de Bresson,Red Bordeaux Blend,France,Bordeaux,Médoc,0,
41507,White,White,Dry,1990,Louis Latour Corton-Charlemagne,"France, Burgundy, Côte de Beaune, Corton-Charlemagne Grand Cru",Louis Latour,Chardonnay,France,Burgundy,Côte de Beaune,62,92.45652174
369983,Red,Red,Dry,2005,Louis Latour Volnay 1er Cru En Chevret,"France, Burgundy, Côte de Beaune, Volnay 1er Cru",Louis Latour,Pinot Noir,France,Burgundy,Côte de Beaune,47,89.38461538
2032458,Red,Red,Dry,2013,Lavau Gigondas,"France, Rhône, Southern Rhône, Gigondas",Lavau,Red Rhone Blend,France,Rhône,Southern Rhône,19,90
1872905,White,White,Dry,2012,Leeuwin Estate Chardonnay Art Series,"Australia, Western Australia, South West Australia, Margaret River",Leeuwin Estate,Chardonnay,Australia,Western Australia,South West Australia,101,92.69047619
1530485,White,White,Dry,2011,Leeuwin Estate Chardonnay Art Series,"Australia, Western Australia, South West Australia, Margaret River",Leeuwin Estate,Chardonnay,Australia,Western Australia,South West Australia,92,92.48192771
2359285,Red,Red,Dry,2014,Lemelson Vineyards Pinot Noir Thea's Selection,"USA, Oregon, Willamette Valley",Lemelson Vineyards,Pinot Noir,USA,Oregon,Willamette Valley,73,90.01492537
228362,Red,Red,Dry,2004,Lemelson Vineyards Pinot Noir Thea's Selection,"USA, Oregon, Willamette Valley",Lemelson Vineyards,Pinot Noir,USA,Oregon,Willamette Valley,95,90.63636364
137531,Red,Red,Dry,1989,Leonetti Cellar Cabernet Sauvignon Reserve Seven Hills Vineyard,"USA, Washington, Columbia Valley, Walla Walla Valley",Leonetti Cellar,Cabernet Sauvignon,USA,Washington,Columbia Valley,4,93
137530,Red,Red,Dry,1987,Leonetti Cellar Cabernet Sauvignon Reserve Seven Hills Vineyard,"USA, Washington, Columbia Valley, Walla Walla Valley",Leonetti Cellar,Cabernet Sauvignon,USA,Washington,Columbia Valley,1,93
246,Red,Red,Dry,1999,Leonetti Cellar Cabernet Sauvignon Walla Walla Valley,"USA, Washington, Columbia Valley, Walla Walla Valley",Leonetti Cellar,Cabernet Sauvignon,USA,Washington,Columbia Valley,63,91.13114754
159105,Red,Red,Dry,1992,Leonetti Cellar Merlot Washington,"USA, Washington",Leonetti Cellar,Merlot,USA,Washington,Unknown,2,90.5
355944,Red,Red,Dry,2006,Château Léoville Barton,"France, Bordeaux, Médoc, St. Julien",Château Léoville Barton,Red Bordeaux Blend,France,Bordeaux,Médoc,179,90.9378882
971,Red,Red,Dry,1990,Château Léoville Barton,"France, Bordeaux, Médoc, St. Julien",Château Léoville Barton,Red Bordeaux Blend,France,Bordeaux,Médoc,415,92.68965517
17962,Red,Red,Dry,2003,Château Léoville Poyferré,"France, Bordeaux, Médoc, St. Julien",Château Léoville Poyferré,Red Bordeaux Blend,France,Bordeaux,Médoc,530,93.6512605
23024,Red,Red,Dry,1990,Château Les Ormes de Pez,"France, Bordeaux, Médoc, St. Estèphe",Château Les Ormes de Pez,Red Bordeaux Blend,France,Bordeaux,Médoc,83,90.47761194
7880,Red,Red,Dry,1997,Lisini Brunello di Montalcino Ugolaia,"Italy, Tuscany, Montalcino, Brunello di Montalcino",Lisini,Sangiovese,Italy,Tuscany,Montalcino,26,93
736467,White,White,Dry,1990,R. López de Heredia Rioja Blanco Gran Reserva Viña Tondonia,"Spain, La Rioja, La Rioja Alta, Rioja",R. López de Heredia,White Blend,Spain,La Rioja,La Rioja Alta,10,91.14285714
2854741,Red,Red,Dry,2015,Loveblock Vintners Ltd Pinot Noir,"New Zealand, South Island, Otago, Central Otago",Loveblock Vintners Ltd,Pinot Noir,New Zealand,South Island,Otago,12,89.36363636
1869909,Red,Red,Dry,2011,Luce della Vite Luce,"Italy, Tuscany, Toscana IGT",Luce della Vite,SuperTuscan Blend,Italy,Tuscany,Unknown,24,92.63636364
675198,Red,Red,Dry,1988,Lytton Springs Winery Zinfandel Private Reserve,"USA, California, Sonoma County, Dry Creek Valley",Lytton Springs Winery,Zinfandel,USA,California,Sonoma County,0,
1595478,Red,Red,Dry,2006,Magnificent Wine Company Syrah The Originals Walla Walla Valley,"USA, Washington, Columbia Valley, Walla Walla Valley",Magnificent Wine Company,Syrah,USA,Washington,Columbia Valley,0,
224139,Red,Red,Dry,2005,Château Malescot St. Exupéry,"France, Bordeaux, Médoc, Margaux",Château Malescot St. Exupéry,Red Bordeaux Blend,France,Bordeaux,Médoc,178,93.62580645
2328346,Red,Red,Dry,2012,M. Marengo Barolo Bricco delle Viole,"Italy, Piedmont, Langhe, Barolo",M. Marengo,Nebbiolo,Italy,Piedmont,Langhe,4,90
1220842,White,White,Dry,2010,Margerum Sauvignon Blanc Sybarite,"USA, California, Central Coast, Happy Canyon of Santa Barbara",Margerum,Sauvignon Blanc,USA,California,Central Coast,30,89.62962963
1176492,White,White,Dry,1991,Markham Sauvignon Blanc,"USA, California, Napa Valley",Markham,Sauvignon Blanc,USA,California,Napa Valley,0,
1508516,Red,Red,Dry,2005,Marqués de Cáceres Rioja Gran Reserva,"Spain, La Rioja, Rioja",Marqués de Cáceres,Tempranillo,Spain,La Rioja,Unknown,73,89.5
1103120,Red,Red,Dry,2007,Giuseppe E Figlio Mascarello Barolo Ca d'Morissio Riserva Monprivato,"Italy, Piedmont, Langhe, Barolo",Giuseppe E Figlio Mascarello,Nebbiolo,Italy,Piedmont,Langhe,6,93.83333333
2957942,White,White,Dry,2017,Massican Annia,"USA, California, Napa Valley",Massican,White Blend,USA,California,Napa Valley,12,91
1145551,Red,Red,Dry,2006,Mastroberardino Taurasi Radici Riserva,"Italy, Campania, Taurasi DOCG",Mastroberardino,Aglianico,Italy,Campania,Unknown,104,90.9787234
224519,White,White,Dry,1995,Matanzas Creek Winery Chardonnay Journey,"USA, California, Sonoma County, Sonoma Valley",Matanzas Creek Winery,Chardonnay,USA,California,Sonoma County,2,92
64832,White,White,Dry,2004,Matua Valley Sauvignon Blanc Paretai Estate Series,"New Zealand, South Island, Marlborough",Matua Valley,Sauvignon Blanc,New Zealand,South Island,Marlborough,20,89.88235294
2706011,Red,Red,Dry,1991,Maybach Family Vineyards Cabernet Sauvignon Amoenus,"USA, California, Napa Valley",Maybach Family Vineyards,Cabernet Sauvignon,USA,California,Napa Valley,0,
1243668,Red,Red,Dry,2009,Maysara Winery Pinot Noir Estate Cuvée,"USA, Oregon, Willamette Valley, McMinnville",Maysara Winery,Pinot Noir,USA,Oregon,Willamette Valley,61,90.26315789
2636378,Red,Red,Dry,2013,Marchesi Mazzei Maremma Toscana Tenuta Belguardo,"Italy, Tuscany, Maremma, Maremma Toscana",Marchesi Mazzei,Red Bordeaux Blend,Italy,Tuscany,Maremma,32,91.82142857
3242040,Red,Red,Dry,1993,McGuigan Cabernet Sauvignon The Brothers,"Australia, South Australia",McGuigan,Cabernet Sauvignon,Australia,South Australia,Unknown,0,
47858,White,White,Dry,1997,Mer Soleil Chardonnay,"USA, California, Central Coast",Mer Soleil,Chardonnay,USA,California,Central Coast,1,89
1324258,Red,Red,Dry,1988,Meridian Vineyards Syrah,"USA, California, Central Coast, Paso Robles",Meridian Vineyards,Syrah,USA,California,Central Coast,2,87
2335532,Red,Red,Dry,2011,Mocali Brunello di Montalcino,"Italy, Tuscany, Montalcino, Brunello di Montalcino",Mocali,Sangiovese,Italy,Tuscany,Montalcino,4,90.25
247775,Red,Red,Dry,2005,Mollydooker Enchanted Path,"Australia, South Australia, Fleurieu, McLaren Vale",Mollydooker,Cabernet-Shiraz Blend,Australia,South Australia,Fleurieu,183,92.63276836
1441764,Red,Red,Dry,2011,Mollydooker Two Left Feet,"Australia, South Australia",Mollydooker,Shiraz Blend,Australia,South Australia,Unknown,171,89.92814371
287,Red,Red,Dry,1998,Château Monbousquet,"France, Bordeaux, Libournais, St. Émilion Grand Cru",Château Monbousquet,Red Bordeaux Blend,France,Bordeaux,Libournais,268,91.39555556
2424110,Red,Red,Dry,2013,Castello di Monsanto Chianti Classico Riserva,"Italy, Tuscany, Chianti, Chianti Classico DOCG",Castello di Monsanto,Sangiovese Blend,Italy,Tuscany,Chianti,98,88.63218391
93756,Red,Red,Dry,1995,Castello di Monsanto Chianti Classico Riserva,"Italy, Tuscany, Chianti, Chianti Classico DOCG",Castello di Monsanto,Sangiovese Blend,Italy,Tuscany,Chianti,10,87.42857143
14070,Red,Red,Dry,1999,Château Montrose,"France, Bordeaux, Médoc, St. Estèphe",Château Montrose,Red Bordeaux Blend,France,Bordeaux,Médoc,79,90.06849315
25584,Red,Red,Dry,1998,Domaine Denis Mortet Gevrey-Chambertin 1er Cru Lavaux St. Jacques,"France, Burgundy, Côte de Nuits, Gevrey-Chambertin 1er Cru",Domaine Denis Mortet,Pinot Noir,France,Burgundy,Côte de Nuits,30,91.48148148
15847,Red,Red,Dry,1995,Domaine Denis Mortet Gevrey-Chambertin En Motrot,"France, Burgundy, Côte de Nuits, Gevrey-Chambertin",Domaine Denis Mortet,Pinot Noir,France,Burgundy,Côte de Nuits,9,88.57142857
3242074,White,White,Dry,1987,Mount Eden Vineyards Chardonnay MacGregor Vineyard,"USA, California, Central Coast, Edna Valley",Mount Eden Vineyards,Chardonnay,USA,California,Central Coast,0,
6344,Red,Red,Dry,1995,Bodegas Muga Rioja Torre Muga,"Spain, La Rioja, La Rioja Alta, Rioja",Bodegas Muga,Tempranillo Blend,Spain,La Rioja,La Rioja Alta,41,91.4
1059428,White - Sparkling,White,Sparkling,1001,Mumm Napa Cuvée Napa Brut Prestige,"USA, California, Napa Valley",Mumm Napa,Champagne Blend,USA,California,Napa Valley,24,88.1
135202,Red,Red,Dry,1987,Nalle Zinfandel,"USA, California, Sonoma County, Dry Creek Valley",Nalle,Zinfandel,USA,California,Sonoma County,7,90.8
284142,Red,Red,Dry,2004,Navarro Vineyards Zinfandel,"USA, California, North Coast, Mendocino",Navarro Vineyards,Zinfandel,USA,California,North Coast,34,89.57575758
1501188,Red,Red,Dry,2010,Bodega Norton Malbec Reserva,"Argentina, Mendoza, Lujan de Cuyo",Bodega Norton,Malbec,Argentina,Mendoza,Lujan de Cuyo,295,87.60638298
2508725,Red,Red,Dry,1993,Tenuta di Nozzole Il Pareto Toscana IGT,"Italy, Tuscany, Toscana IGT",Tenuta di Nozzole,Cabernet Sauvignon,Italy,Tuscany,Unknown,1,92
139488,Red,Red,Dry,1985,Château Olivier,"France, Bordeaux, Graves, Pessac-Léognan",Château Olivier,Red Bordeaux Blend,France,Bordeaux,Graves,14,90.30769231
306,Red,Red,Dry,1994,Opus One,"USA, California, Napa Valley",Opus One,Red Bordeaux Blend,USA,California,Napa Valley,153,92.5971223
35257,Red,Red,Dry,1984,Opus One,"USA, California, Napa Valley",Opus One,Red Bordeaux Blend,USA,California,Napa Valley,18,90.38888889
989895,Red,Red,Dry,2009,Orin Swift Abstract,"USA, California",Orin Swift,Grenache Blend,USA,California,Unknown,264,88.63346614
1850240,Red,Red,Dry,2012,Orin Swift Machete,"USA, California",Orin Swift,Red Blend,USA,California,Unknown,81,90.65384615
1684709,Red,Red,Dry,2011,Tenuta dell'Ornellaia Bolgheri Superiore Ornellaia,"Italy, Tuscany, Bolgheri, Bolgheri Superiore",Tenuta dell'Ornellaia,Red Bordeaux Blend,Italy,Tuscany,Bolgheri,81,93.6056338
343337,Red,Red,Dry,2004,Tenuta dell'Ornellaia Bolgheri Superiore Ornellaia,"Italy, Tuscany, Bolgheri, Bolgheri Superiore",Tenuta dell'Ornellaia,Red Bordeaux Blend,Italy,Tuscany,Bolgheri,246,94.35682819
233,Red,Red,Dry,1997,Tenuta dell'Ornellaia Bolgheri Superiore Ornellaia,"Italy, Tuscany, Bolgheri, Bolgheri Superiore",Tenuta dell'Ornellaia,Red Bordeaux Blend,Italy,Tuscany,Bolgheri,177,93.48051948
33153,Red,Red,Dry,2001,Tenuta dell'Ornellaia Masseto Toscana IGT,"Italy, Tuscany, Toscana IGT",Tenuta dell'Ornellaia,Merlot,Italy,Tuscany,Unknown,60,96.33333333
173372,Red,Red,Dry,2001,Siro Pacenti Brunello di Montalcino,"Italy, Tuscany, Montalcino, Brunello di Montalcino",Siro Pacenti,Sangiovese,Italy,Tuscany,Montalcino,161,92.45390071
113406,Red,Red,Dry,1993,Siro Pacenti Brunello di Montalcino,"Italy, Tuscany, Montalcino, Brunello di Montalcino",Siro Pacenti,Sangiovese,Italy,Tuscany,Montalcino,2,
303803,Red,Red,Dry,2004,Pago de los Capellanes Ribera del Duero Crianza,"Spain, Castilla y León, Ribera del Duero",Pago de los Capellanes,Tempranillo,Spain,Castilla y León,Unknown,94,89.88888889
705838,Red,Red,Dry,2007,Domaine les Pallières Gigondas Terrasse du Diable,"France, Rhône, Southern Rhône, Gigondas",Domaine les Pallières,Red Rhone Blend,France,Rhône,Southern Rhône,184,90.81290323
222839,Red,Red,Dry,1993,Panther Creek Pinot Noir Reserve,"USA, Oregon, Willamette Valley",Panther Creek,Pinot Noir,USA,Oregon,Willamette Valley,1,87
7297,Red,Red,Dry,2001,Paringa Shiraz,"Australia, South Australia",Paringa,Shiraz,Australia,South Australia,Unknown,4,83.5
4015,White,White,Dry,2001,Patz & Hall Chardonnay Dutton Ranch,"USA, California, Sonoma County, Russian River Valley",Patz & Hall,Chardonnay,USA,California,Sonoma County,11,91.09090909
1350031,Red,Red,Dry,2010,Patz & Hall Pinot Noir Hyde Vineyard,"USA, California, Napa / Sonoma, Carneros",Patz & Hall,Pinot Noir,USA,California,Napa / Sonoma,14,91.57142857
10725,White - Off-dry,White,Dry,1997,Dr. Pauly-Bergweiler Wehlener Sonnenuhr Riesling Spätlese,"Germany, Mosel Saar Ruwer",Dr. Pauly-Bergweiler,Riesling,Germany,Mosel Saar Ruwer,Unknown,0,
8671,Red,Red,Dry,1988,Château Pavie Decesse,"France, Bordeaux, Libournais, St. Émilion Grand Cru",Château Pavie Decesse,Red Bordeaux Blend,France,Bordeaux,Libournais,6,90
19857,Red,Red,Dry,2003,Domaine du Pégau Châteauneuf-du-Pape Cuvée Réservée,"France, Rhône, Southern Rhône, Châteauneuf-du-Pape",Domaine du Pégau,Red Rhone Blend,France,Rhône,Southern Rhône,889,94.10150892
35754,Red,Red,Dry,1992,Penfolds Bin 389,"Australia, South Australia",Penfolds,Cabernet-Shiraz Blend,Australia,South Australia,Unknown,17,90.5
2977,Red,Red,Dry,1993,Penfolds Grange,"Australia, South Australia",Penfolds,Shiraz Blend,Australia,South Australia,Unknown,82,93.57142857
229689,Red,Red,Dry,2003,Penfolds Shiraz RWT,"Australia, South Australia, Barossa, Barossa Valley",Penfolds,Shiraz,Australia,South Australia,Barossa,61,91.57142857
1402652,White,White,Dry,2011,Jean Perrier et Fils Vin de Savoie Apremont Cuvée Gastronomie,"France, Savoie, Vin de Savoie Apremont",Jean Perrier et Fils,Jacquère,France,Savoie,Unknown,38,88.40909091
69092,Red,Red,Dry,2003,Famille Perrin / Perrin & Fils Vacqueyras Les Christins,"France, Rhône, Southern Rhône, Vacqueyras",Famille Perrin / Perrin & Fils,Red Rhone Blend,France,Rhône,Southern Rhône,59,86.98
2134665,Red,Red,Dry,2012,Peter Michael Au Paradis,"USA, California, Napa Valley, Oakville",Peter Michael,Cabernet Sauvignon,USA,California,Napa Valley,14,93.33333333
1875144,White,White,Dry,2012,Peter Michael Chardonnay Ma Belle-Fille,"USA, California, Sonoma County, Knights Valley",Peter Michael,Chardonnay,USA,California,Sonoma County,50,94.46511628
8110,Red,Red,Dry,1999,Peter Michael Les Pavots,"USA, California, Sonoma County, Knights Valley",Peter Michael,Red Bordeaux Blend,USA,California,Sonoma County,85,92.84210526
10036,Red,Red,Dry,1990,Château Pichon Longueville Comtesse de Lalande,"France, Bordeaux, Médoc, Pauillac",Château Pichon Longueville Comtesse de Lalande,Red Bordeaux Blend,France,Bordeaux,Médoc,342,91.71626298
3371,Red,Red,Dry,1986,Château Pichon-Longueville Baron,"France, Bordeaux, Médoc, Pauillac",Château Pichon-Longueville Baron,Red Bordeaux Blend,France,Bordeaux,Médoc,77,90.5
26273,Red,Red,Dry,1985,Château Pichon-Longueville Baron,"France, Bordeaux, Médoc, Pauillac",Château Pichon-Longueville Baron,Red Bordeaux Blend,France,Bordeaux,Médoc,40,92.2972973
2304074,White - Sparkling,White,Sparkling,1001,Pierre Paillard Champagne,"France, Champagne",Pierre Paillard,Champagne Blend,France,Champagne,Unknown,0,
114605,Red,Red,Dry,2001,Pio Cesare Barolo,"Italy, Piedmont, Langhe, Barolo",Pio Cesare,Nebbiolo,Italy,Piedmont,Langhe,208,91.72316384
346,Red,Red,Dry,1997,Pio Cesare Barolo,"Italy, Piedmont, Langhe, Barolo",Pio Cesare,Nebbiolo,Italy,Piedmont,Langhe,127,91.61320755
41029,White,White,Dry,1999,Planeta Chardonnay Sicilia,"Italy, Sicily, Sicilia",Planeta,Chardonnay,Italy,Sicily,Unknown,8,91.6
34497,Red,Red,Dry,1998,Château Plince,"France, Bordeaux, Libournais, Pomerol",Château Plince,Red Bordeaux Blend,France,Bordeaux,Libournais,15,88
2078197,Red - Fortified,Red,Fortified,2009,Poças Porto Coroa De Rei LBV,"Portugal, Douro, Porto",Poças,Port Blend,Portugal,Douro,Unknown,0,
1486734,Red,Red,Dry,2010,Fattoria Poggerino Chianti Classico,"Italy, Tuscany, Chianti, Chianti Classico DOCG",Fattoria Poggerino,Sangiovese Blend,Italy,Tuscany,Chianti,61,89.98214286
10561,Red,Red,Dry,1990,Poggio Antico Brunello di Montalcino Riserva,"Italy, Tuscany, Montalcino, Brunello di Montalcino",Poggio Antico,Sangiovese,Italy,Tuscany,Montalcino,14,92.07142857
91186,Red,Red,Dry,2004,Château Pontet-Canet,"France, Bordeaux, Médoc, Pauillac",Château Pontet-Canet,Red Bordeaux Blend,France,Bordeaux,Médoc,652,91.7176259
1785703,Red,Red,Dry,2012,Ponzi Vineyards Pinot Noir Tavola,"USA, Oregon, Willamette Valley",Ponzi Vineyards,Pinot Noir,USA,Oregon,Willamette Valley,133,89.33587786
2725047,Red,Red,Dry,2015,Powell & Son Grenache Mataro Shiraz Riverside,"Australia, South Australia, Barossa",Powell & Son,Red Rhone Blend,Australia,South Australia,Barossa,7,91.42857143
2989158,White,White,Dry,2017,Azienda Agricola Prà Soave Classico otto,"Italy, Veneto, Soave Classico",Azienda Agricola Prà,Garganega,Italy,Veneto,Unknown,12,90
2499482,Red,Red,Dry,2014,Prats and Symington Douro Chryseia,"Portugal, Douro",Prats and Symington,Red Blend,Portugal,Douro,Unknown,2,89
5762,Red,Red,Dry,1998,Pride Mountain Vineyards Merlot,"USA, California, Napa Valley",Pride Mountain Vineyards,Merlot,USA,California,Napa Valley,57,90.17073171
1559214,Red,Red,Dry,2011,Produttori del Barbaresco Barbaresco Riserva Asili,"Italy, Piedmont, Langhe, Barbaresco",Produttori del Barbaresco,Nebbiolo,Italy,Piedmont,Langhe,36,92.11538462
1773061,Red,Red,Dry,2012,Quilceda Creek Cabernet Sauvignon,"USA, Washington, Columbia Valley",Quilceda Creek,Cabernet Sauvignon,USA,Washington,Columbia Valley,97,95.14893617
1466901,Red,Red,Dry,2010,Quinta do Crasto Douro Reserva Old Vines,"Portugal, Douro",Quinta do Crasto,Red Blend,Portugal,Douro,Unknown,93,90.57954545
2702306,White,White,Dry,2011,Quinta do Portal Douro Colheita Branco,"Portugal, Douro",Quinta do Portal,White Blend,Portugal,Douro,Unknown,0,
1029564,Red,Red,Dry,2008,Quinta do Vale Meão Douro,"Portugal, Douro",Quinta do Vale Meão,Red Blend,Portugal,Douro,Unknown,20,91.0625
377673,Red,Red,Dry,2005,Quinta do Vale Meão Douro Meandro,"Portugal, Douro",Quinta do Vale Meão,Red Blend,Portugal,Douro,Unknown,82,88.79220779
179286,Red,Red,Dry,1999,Quinta do Vallado Douro Reserva,"Portugal, Douro",Quinta do Vallado,Red Blend,Portugal,Douro,Unknown,0,
1014548,Red,Red,Dry,2008,Quinta do Vallado Touriga Nacional Douro,"Portugal, Douro",Quinta do Vallado,Touriga Nacional,Portugal,Douro,Unknown,42,88.925
2076432,Red,Red,Dry,1995,Quinta do Vesuvio Douro Quinta da Eira Velha Vintage Port,"Portugal, Douro",Quinta do Vesuvio,Red Blend,Portugal,Douro,Unknown,0,
5282,Red,Red,Dry,1992,A. Rafanelli Cabernet Sauvignon,"USA, California, Sonoma County, Dry Creek Valley",A. Rafanelli,Cabernet Sauvignon,USA,California,Sonoma County,5,89
65395,Red,Red,Dry,1986,A. Rafanelli Cabernet Sauvignon,"USA, California, Sonoma County, Dry Creek Valley",A. Rafanelli,Cabernet Sauvignon,USA,California,Sonoma County,3,93
2100489,White,White,Dry,2012,Ravines Wine Cellars Riesling Dry Argetsinger Vineyard,"USA, New York, Finger Lakes",Ravines Wine Cellars,Riesling,USA,New York,Finger Lakes,12,90.1
2350340,Red,Red,Dry,2014,Revana Cabernet Sauvignon,"USA, California, Napa Valley, St. Helena",Revana,Cabernet Sauvignon,USA,California,Napa Valley,25,94.73913043
2069552,Red - Fortified,Red,Fortified,1001,Chateau Reynella 10 Year Old Grand Tawny,"Australia, South Australia, Fleurieu, McLaren Vale",Chateau Reynella,Port Blend,Australia,South Australia,Fleurieu,2,84
35769,Red,Red,Dry,1994,Chateau Reynella Shiraz Basket Pressed,"Australia, South Australia, Fleurieu, McLaren Vale",Chateau Reynella,Shiraz,Australia,South Australia,Fleurieu,2,86
3012866,Red,Red,Dry,2015,Ridge ATP Grenache / Zinfandel Lytton Springs,"USA, California, Sonoma County, Dry Creek Valley",Ridge,Red Blend,USA,California,Sonoma County,1,90
3102423,Red,Red,Dry,1995,Ridge ATP Grenache / Zinfandel Lytton Springs,"USA, California, Sonoma County, Dry Creek Valley",Ridge,Red Blend,USA,California,Sonoma County,0,
2720540,White,White,Dry,1992,Ridge Chardonnay Monte Bello,"USA, California, San Francisco Bay, Santa Cruz Mountains",Ridge,Chardonnay,USA,California,San Francisco Bay,0,
4585,Red,Red,Dry,1991,Ridge Lytton Springs,"USA, California, Sonoma County, Dry Creek Valley",Ridge,Zinfandel Blend,USA,California,Sonoma County,36,90.82608696
2258531,Red,Red,Dry,2005,La Rioja Alta Rioja Gran Reserva 890 'Selección Especial',"Spain, La Rioja, La Rioja Alta, Rioja",La Rioja Alta,Tempranillo Blend,Spain,La Rioja,La Rioja Alta,9,93.85714286
844857,Red,Red,Dry,2004,La Rioja Alta Rioja Viña Ardanza Reserva,"Spain, La Rioja, La Rioja Alta, Rioja",La Rioja Alta,Tempranillo Blend,Spain,La Rioja,La Rioja Alta,751,90.68995633
55539,Red,Red,Dry,1993,Domaine Daniel Rion et Fils Clos Vougeot,"France, Burgundy, Côte de Nuits, Clos Vougeot Grand Cru",Domaine Daniel Rion et Fils,Pinot Noir,France,Burgundy,Côte de Nuits,8,92.4
315248,Red,Red,Dry,1985,Domaine Daniel Rion et Fils Vosne-Romanée 1er Cru Les Beaux Monts,"France, Burgundy, Côte de Nuits, Vosne-Romanée 1er Cru",Domaine Daniel Rion et Fils,Pinot Noir,France,Burgundy,Côte de Nuits,5,92.5
316894,Red,Red,Dry,1990,J. Rochioli Pinot Noir Reserve,"USA, California, Sonoma County, Russian River Valley",J. Rochioli,Pinot Noir,USA,California,Sonoma County,1,
30069,Red,Red,Dry,1985,Domaine de la Romanée-Conti La Tâche,"France, Burgundy, Côte de Nuits, La Tâche Grand Cru",Domaine de la Romanée-Conti,Pinot Noir,France,Burgundy,Côte de Nuits,43,93.14705882
869487,White,White,Dry,1989,Rosemount Estate Chardonnay Show Reserve,"Australia, New South Wales, Hunter Valley",Rosemount Estate,Chardonnay,Australia,New South Wales,Hunter Valley,0,
9907,Red,Red,Dry,2001,Rosemount Estate Shiraz Hill Of Gold,"Australia, New South Wales, Central Ranges, Mudgee",Rosemount Estate,Shiraz,Australia,New South Wales,Central Ranges,12,88.72727273
3000,Red,Red,Dry,1999,Rosemount Estate Syrah Balmoral,"Australia, South Australia, Fleurieu, McLaren Vale",Rosemount Estate,Syrah,Australia,South Australia,Fleurieu,78,88.97333333
809898,Red,Red,Dry,1990,Rosemount Estate Syrah Show Reserve,"Australia, South Australia, Fleurieu, McLaren Vale",Rosemount Estate,Syrah,Australia,South Australia,Fleurieu,0,
200735,Red,Red,Dry,1988,Emmanuel Rouget Echezeaux,"France, Burgundy, Côte de Nuits, Echezeaux Grand Cru",Emmanuel Rouget,Pinot Noir,France,Burgundy,Côte de Nuits,9,94
18844,Red,Red,Dry,1991,Domaine G. Roumier / Christophe Roumier Bonnes Mares,"France, Burgundy, Côte de Nuits, Bonnes Mares Grand Cru",Domaine G. Roumier / Christophe Roumier,Pinot Noir,France,Burgundy,Côte de Nuits,14,94.125
2632302,Red,Red,Dry,2014,Rust en Vrede Shiraz,"South Africa, Coastal Region, Stellenbosch",Rust en Vrede,Shiraz,South Africa,Coastal Region,Stellenbosch,2,93.5
1874962,Red,Red,Dry,1993,Saddleback Cellars Cabernet Sauvignon Barrel Select,"USA, California, Napa Valley, Oakville",Saddleback Cellars,Cabernet Sauvignon,USA,California,Napa Valley,0,
592697,Red,Red,Dry,2007,Domaine Saint Préfert Châteauneuf-du-Pape Collection Charles Giraud,"France, Rhône, Southern Rhône, Châteauneuf-du-Pape",Domaine Saint Préfert,Red Rhone Blend,France,Rhône,Southern Rhône,37,95.64516129
2542328,Red,Red,Dry,2015,Domaine Saint Préfert Châteauneuf-du-Pape Réserve Auguste Favier,"France, Rhône, Southern Rhône, Châteauneuf-du-Pape",Domaine Saint Préfert,Red Rhone Blend,France,Rhône,Southern Rhône,16,94.26666667
2333665,Red,Red,Dry,2015,Château de Saint-Cosme Gigondas,"France, Rhône, Southern Rhône, Gigondas",Château de Saint-Cosme,Red Rhone Blend,France,Rhône,Southern Rhône,48,92
476400,Red,Red,Dry,2006,Château de Saint-Cosme Gigondas,"France, Rhône, Southern Rhône, Gigondas",Château de Saint-Cosme,Red Rhone Blend,France,Rhône,Southern Rhône,115,89.96808511
133090,Red,Red,Dry,1995,Château Saint-Germain Coteaux du Languedoc,"France, Languedoc Roussillon, Languedoc, Coteaux du Languedoc",Château Saint-Germain,Syrah Blend,France,Languedoc Roussillon,Languedoc,1,87
1542054,White,White,Dry,2009,Weingut Salomon Undhof Riesling Pfaffenberg,"Austria, Niederösterreich, Kremstal",Weingut Salomon Undhof,Riesling,Austria,Niederösterreich,Kremstal,1,90
2521266,Red,Red,Dry,2014,Viña San Pedro Cabernet Sauvignon 1865 Single Vineyard,"Chile, Maipo Valley",Viña San Pedro,Cabernet Sauvignon,Chile,Maipo Valley,Unknown,37,87
82782,Red - Fortified,Red,Fortified,1997,Sandeman Porto Vintage Vau,"Portugal, Douro, Porto",Sandeman,Port Blend,Portugal,Douro,Unknown,74,88.96923077
14387,Red,Red,Dry,1990,Luciano Sandrone Barolo Cannubi Boschis,"Italy, Piedmont, Langhe, Barolo",Luciano Sandrone,Nebbiolo,Italy,Piedmont,Langhe,49,95.04545455
136341,Red,Red,Dry,1985,Luciano Sandrone Barolo Cannubi Boschis,"Italy, Piedmont, Langhe, Barolo",Luciano Sandrone,Nebbiolo,Italy,Piedmont,Langhe,9,94.57142857
1988495,Red,Red,Dry,2012,Podere Sapaio Volpolo,"Italy, Tuscany, Bolgheri",Podere Sapaio,Red Bordeaux Blend,Italy,Tuscany,Bolgheri,40,89.62162162
14390,Red,Red,Dry,1989,Paolo Scavino Barolo Bric dël Fiasc,"Italy, Piedmont, Langhe, Barolo",Paolo Scavino,Nebbiolo,Italy,Piedmont,Langhe,33,92.4
1209042,Red,Red,Dry,2008,Schild Estate Shiraz,"Australia, South Australia, Barossa, Barossa Valley",Schild Estate,Shiraz,Australia,South Australia,Barossa,715,90.28633721
714530,Red,Red,Dry,2007,Schild Estate Shiraz,"Australia, South Australia, Barossa, Barossa Valley",Schild Estate,Shiraz,Australia,South Australia,Barossa,184,89.02366864
2893948,White,White,Dry,2016,Schloss Gobelsburg Grüner Veltliner 1ÖTW Ried Grub,"Austria, Niederösterreich, Kamptal",Schloss Gobelsburg,Grüner Veltliner,Austria,Niederösterreich,Kamptal,1,91
2262855,Red,Red,Dry,2012,Schola Sarmenti Nardò Nerio Nardo Riserva,"Italy, Puglia, Nardò",Schola Sarmenti,Negroamaro,Italy,Puglia,Unknown,10,88.7
76330,Red,Red,Dry,2003,Sea Smoke Pinot Noir Botella,"USA, California, Central Coast, Sta. Rita Hills",Sea Smoke,Pinot Noir,USA,California,Central Coast,51,91.36734694
1546808,Red,Red,Dry,2010,Seghesio Family Vineyards Zinfandel Cortina,"USA, California, Sonoma County, Dry Creek Valley",Seghesio Family Vineyards,Zinfandel,USA,California,Sonoma County,136,90.21052632
446618,White - Off-dry,White,Dry,1992,Selbach-Oster Zeltinger Sonnenuhr Riesling Spätlese,"Germany, Mosel Saar Ruwer",Selbach-Oster,Riesling,Germany,Mosel Saar Ruwer,Unknown,4,91.75
49664,Red,Red,Dry,1999,Fattoria Selvapiana Chianti Rùfina Riserva Bucerchiale,"Italy, Tuscany, Chianti, Chianti Rùfina",Fattoria Selvapiana,Sangiovese Blend,Italy,Tuscany,Chianti,30,89.66666667
46899,Red,Red,Dry,1996,Señorío de San Vicente Tempranillo Rioja San Vicente,"Spain, La Rioja, Rioja",Señorío de San Vicente,Tempranillo,Spain,La Rioja,Unknown,19,88.2
712198,Red,Red,Dry,2007,Tenuta Sette Ponti Crognolo Toscana IGT,"Italy, Tuscany, Toscana IGT",Tenuta Sette Ponti,SuperTuscan Blend,Italy,Tuscany,Unknown,169,90.23566879
6196,Red,Red,Dry,1995,Shafer Cabernet Sauvignon,"USA, California, Napa Valley, Stags Leap District",Shafer,Cabernet Sauvignon,USA,California,Napa Valley,29,91.6
10481,Red,Red,Dry,1991,Shafer Cabernet Sauvignon Hillside Select,"USA, California, Napa Valley, Stags Leap District",Shafer,Cabernet Sauvignon,USA,California,Napa Valley,62,93.59574468
1439814,Red,Red,Dry,2010,Shafer Relentless,"USA, California, Napa Valley",Shafer,Syrah Blend,USA,California,Napa Valley,177,93.22674419
134616,Red,Red,Dry,1986,Silverado Vineyards Cabernet Sauvignon Limited Reserve,"USA, California, Napa Valley",Silverado Vineyards,Cabernet Sauvignon,USA,California,Napa Valley,10,89.33333333
351394,White,White,Dry,1986,Silverado Vineyards Chardonnay Limited Reserve,"USA, California, Napa Valley",Silverado Vineyards,Chardonnay,USA,California,Napa Valley,1,92
44733,Red,Red,Dry,2001,Simi Cabernet Sauvignon Landslide Alexander Valley,"USA, California, Sonoma County, Alexander Valley",Simi,Cabernet Sauvignon,USA,California,Sonoma County,105,90.03092784
21348,Red,Red,Dry,1991,Simi Cabernet Sauvignon Reserve Alexander Valley,"USA, California, Sonoma County, Alexander Valley",Simi,Cabernet Sauvignon,USA,California,Sonoma County,14,91.61538462
2359424,White,White,Dry,2014,SIXTO Chardonnay Uncovered,"USA, Washington",SIXTO,Chardonnay,USA,Washington,Unknown,49,90.68888889
1276,Red,Red,Dry,1998,Château Smith Haut Lafitte,"France, Bordeaux, Graves, Pessac-Léognan",Château Smith Haut Lafitte,Red Bordeaux Blend,France,Bordeaux,Graves,207,91.57837838
5931,Red,Red,Dry,1986,Spottswoode Cabernet Sauvignon,"USA, California, Napa Valley",Spottswoode,Cabernet Sauvignon,USA,California,Napa Valley,37,92.22222222
9443,Red,Red,Dry,1997,St. Clement Cabernet Sauvignon Howell Mountain,"USA, California, Napa Valley, Howell Mountain",St. Clement,Cabernet Sauvignon,USA,California,Napa Valley,6,89.16666667
2855917,Red,Red,Dry,1997,St. Francis Merlot Behler Reserve,"USA, California, Sonoma County, Sonoma Valley",St. Francis,Merlot,USA,California,Sonoma County,0,
204469,Red,Red,Dry,1986,St. Francis Merlot Reserve,"USA, California, Sonoma County, Sonoma Valley",St. Francis,Merlot,USA,California,Sonoma County,2,88.5
2734,Red,Red,Dry,1999,Chateau St. Jean Cabernet Sauvignon Cinq Cépages,"USA, California, Sonoma County",Chateau St. Jean,Cabernet Sauvignon,USA,California,Sonoma County,307,91.4
684735,White - Sweet/Dessert,White,Sweet/Dessert,1989,Chateau St. Jean Johannisberg Riesling Special Select Late Harvest,"USA, California, Sonoma County, Alexander Valley",Chateau St. Jean,Johannisberg Riesling,USA,California,Sonoma County,1,86
5581,Red,Red,Dry,1997,St. Supéry Cabernet Sauvignon,"USA, California, Napa Valley",St. Supéry,Cabernet Sauvignon,USA,California,Napa Valley,33,88.89285714
602436,Red,Red,Dry,2002,Staglin Family Cabernet Sauvignon 20th Anniversary Selection,"USA, California, Napa Valley, Rutherford",Staglin Family,Cabernet Sauvignon,USA,California,Napa Valley,101,94.30851064
917603,Red,Red,Dry,2007,Staglin Family Cabernet Sauvignon 25th Anniversary Selection,"USA, California, Napa Valley, Rutherford",Staglin Family,Cabernet Sauvignon,USA,California,Napa Valley,102,94.78571429
577630,White,White,Dry,2002,Staglin Family Chardonnay Estate,"USA, California, Napa Valley, Rutherford",Staglin Family,Chardonnay,USA,California,Napa Valley,16,92
106,White,White,Dry,2001,Chateau Ste. Michelle & Dr. Loosen Riesling Eroica,"USA, Washington, Columbia Valley",Chateau Ste. Michelle & Dr. Loosen,Riesling,USA,Washington,Columbia Valley,27,89.76190476
3242067,White,White,Dry,1992,Chateau Ste. Michelle Chardonnay Reserve,"USA, Washington, Columbia Valley",Chateau Ste. Michelle,Chardonnay,USA,Washington,Columbia Valley,0,
4725,Red,Red,Dry,1999,Chateau Ste. Michelle Merlot Canoe Ridge Estate Vineyard,"USA, Washington, Columbia Valley, Horse Heaven Hills",Chateau Ste. Michelle,Merlot,USA,Washington,Columbia Valley,8,88
1755870,White,White,Dry,1990,Chateau Ste. Michelle Sauvignon Blanc,"USA, Washington, Columbia Valley",Chateau Ste. Michelle,Sauvignon Blanc,USA,Washington,Columbia Valley,0,
1661894,White,White,Dry,2012,Chateau Ste. Michelle Sauvignon Blanc Horse Heaven Vineyard,"USA, Washington, Columbia Valley, Horse Heaven Hills",Chateau Ste. Michelle,Sauvignon Blanc,USA,Washington,Columbia Valley,134,87.92125984
840995,White,White,Dry,1997,Stonestreet Chardonnay Alexander Valley,"USA, California, Sonoma County, Alexander Valley",Stonestreet,Chardonnay,USA,California,Sonoma County,0,
757524,Red,Red,Dry,1997,Swanson Alexis,"USA, California, Napa Valley, Oakville",Swanson,Red Bordeaux Blend,USA,California,Napa Valley,19,90.11764706
1651555,Red,Red,Dry,1992,Swanson Sangiovese,"USA, California, Napa Valley",Swanson,Sangiovese,USA,California,Napa Valley,1,91
627101,Red,Red,Dry,2007,Tablas Creek Esprit de Beaucastel,"USA, California, Central Coast, Paso Robles",Tablas Creek,Red Rhone Blend,USA,California,Central Coast,481,91.33819951
4041,Red,Red,Dry,1990,Château Talbot,"France, Bordeaux, Médoc, St. Julien",Château Talbot,Red Bordeaux Blend,France,Bordeaux,Médoc,98,90.90588235
683643,White,White,Dry,1990,Talbott Chardonnay Cuvée Audrey Diamond T Estate,"USA, California, Central Coast, Monterey",Talbott,Chardonnay,USA,California,Central Coast,0,
1341811,Red,Red,Dry,2008,Chateau Tanunda Grand Barossa Grenache Shiraz Mourvedre,"Australia, South Australia, Barossa, Barossa Valley",Chateau Tanunda,Shiraz Blend,Australia,South Australia,Barossa,2,90
2137157,Red - Fortified,Red,Fortified,1991,Taylor (Fladgate) Porto Vinha Velha Vintage Quinta de Vargellas,"Portugal, Douro, Porto",Taylor (Fladgate),Port Blend,Portugal,Douro,Unknown,1,93
3208943,Red,Red,Dry,2016,Tensley Syrah Anniversary Series Colson Canyon Vineyard,"USA, California, Central Coast, Santa Barbara County",Tensley,Syrah,USA,California,Central Coast,0,
1726785,Red,Red,Dry,2011,Tenute di Eméra Lizzano DOP Puglia IGT,"Italy, Puglia, Puglia IGT",Tenute di Eméra,Negroamaro,Italy,Puglia,Unknown,1,87
1797061,Red,Red,Dry,2012,Domaine Terlato & Chapoutier Shiraz - Viognier,"Australia, Victoria, Central Victoria",Domaine Terlato & Chapoutier,Shiraz Blend,Australia,Victoria,Central Victoria,12,83.75
234843,Red,Red,Dry,2004,Domaine Terlato & Chapoutier Shiraz - Viognier,"Australia, Victoria, Central Victoria",Domaine Terlato & Chapoutier,Shiraz Blend,Australia,Victoria,Central Victoria,27,87.76
80712,Red,Red,Dry,1999,Terrabianca Campaccio Selezione Riserva Toscana IGT,"Italy, Tuscany, Toscana IGT",Terrabianca,SuperTuscan Blend,Italy,Tuscany,Unknown,6,91
2741260,White,White,Dry,2015,The Calling Chardonnay Dutton Ranch,"USA, California, Sonoma County, Russian River Valley",The Calling,Chardonnay,USA,California,Sonoma County,12,90.83333333
3159860,White,White,Dry,2017,Tiefenbrunner Pinot Grigio Vigneti delle Dolomiti IGT,"Italy, Trentino-Alto Adige, Vigneti delle Dolomiti IGT",Tiefenbrunner,Pinot Grigio,Italy,Trentino-Alto Adige,Unknown,6,89
14605,Red,Red,Dry,2002,Torbreck Shiraz The Struie,"Australia, South Australia, Barossa, Barossa Valley",Torbreck,Shiraz,Australia,South Australia,Barossa,143,92.14393939
1890650,Red,Red,Dry,2003,Travaglini Cinzia,"Italy, Piedmont, Northern Piedmont, Gattinara",Travaglini,Nebbiolo,Italy,Piedmont,Northern Piedmont,0,
1123008,Rosé,Rosé,Dry,2010,Domaine de Triennes Rosé,"France, Provence, Var",Domaine de Triennes,Rosé Blend,France,Provence,Unknown,58,88.94117647
889523,White,White,Dry,2008,Trimbach Riesling Reserve,"France, Alsace",Trimbach,Riesling,France,Alsace,Unknown,90,88.75609756
726384,White,White,Dry,1994,Truchard Chardonnay,"USA, California, Napa / Sonoma, Carneros",Truchard,Chardonnay,USA,California,Napa / Sonoma,1,87
244033,Red,Red,Dry,1986,Tudal Family Winery Cabernet Sauvignon,"USA, California, Napa Valley",Tudal Family Winery,Cabernet Sauvignon,USA,California,Napa Valley,4,90.25
2006926,Red,Red,Dry,2013,Turley Petite Syrah Rattlesnake Ridge,"USA, California, Napa Valley, Howell Mountain",Turley,Petite Sirah,USA,California,Napa Valley,20,92.25
49912,Red,Red,Dry,1993,Turley Zinfandel Hayne Vineyard,"USA, California, Napa Valley, St. Helena",Turley,Zinfandel,USA,California,Napa Valley,7,91
1732319,Red,Red,Dry,2012,Turley Zinfandel Juvenile,"USA, California",Turley,Zinfandel,USA,California,Unknown,344,89.79510703
99396,Red,Red,Dry,1999,Turnbull Cabernet Sauvignon Black Label,"USA, California, Napa Valley, Oakville",Turnbull,Cabernet Sauvignon,USA,California,Napa Valley,7,92.25
1268412,Red,Red,Dry,2010,Two Hands Shiraz Bella's Garden,"Australia, South Australia, Barossa, Barossa Valley",Two Hands,Shiraz,Australia,South Australia,Barossa,199,92.859375
190728,Red,Red,Dry,2005,Two Hands Shiraz Bella's Garden,"Australia, South Australia, Barossa, Barossa Valley",Two Hands,Shiraz,Australia,South Australia,Barossa,320,92.72909699
43109,Red,Red,Dry,1999,Domaine Pierre Usseglio & Fils Châteauneuf-du-Pape,"France, Rhône, Southern Rhône, Châteauneuf-du-Pape",Domaine Pierre Usseglio & Fils,Red Rhone Blend,France,Rhône,Southern Rhône,31,89.95833333
2960689,Red,Red,Dry,2015,Bodegas y Viñedos Valderiz Ribera del Duero,"Spain, Castilla y León, Ribera del Duero",Bodegas y Viñedos Valderiz,Tempranillo,Spain,Castilla y León,Unknown,18,90.86666667
2361,Red,Red,Dry,1999,Viader Proprietary Red,"USA, California, Napa Valley",Viader,Red Bordeaux Blend,USA,California,Napa Valley,153,91.06818182
10021,Red,Red,Dry,1999,Domaine de la Vieille Julienne Châteauneuf-du-Pape,"France, Rhône, Southern Rhône, Châteauneuf-du-Pape",Domaine de la Vieille Julienne,Red Rhone Blend,France,Rhône,Southern Rhône,13,88.54545455
1885436,Red,Red,Dry,2012,Vietti Barbera d'Asti Tre Vigne,"Italy, Piedmont, Asti, Barbera d'Asti",Vietti,Barbera,Italy,Piedmont,Asti,93,88.79310345
325415,Red,Red,Dry,2005,Le Vieux Donjon Châteauneuf-du-Pape,"France, Rhône, Southern Rhône, Châteauneuf-du-Pape",Le Vieux Donjon,Red Rhone Blend,France,Rhône,Southern Rhône,344,92.38782051
101973,White,White,Dry,2003,Domaine du Vieux Télégraphe Châteauneuf-du-Pape Blanc La Crau,"France, Rhône, Southern Rhône, Châteauneuf-du-Pape",Domaine du Vieux Télégraphe,White Rhone Blend,France,Rhône,Southern Rhône,30,90.34615385
833837,Red,Red,Dry,2007,Les Vins de Vienne Sotanum,"France, Rhône, Northern Rhône, Vin de Pays des Collines Rhodaniennes",Les Vins de Vienne,Syrah,France,Rhône,Northern Rhône,12,91.55555556
921578,Red,Red,Dry,2007,Fattoria Viticcio Chianti Classico Riserva,"Italy, Tuscany, Chianti, Chianti Classico DOCG",Fattoria Viticcio,Sangiovese Blend,Italy,Tuscany,Chianti,643,89.46622735
28415,Red,Red,Dry,2001,Fattoria Viticcio Chianti Classico Riserva,"Italy, Tuscany, Chianti, Chianti Classico DOCG",Fattoria Viticcio,Sangiovese Blend,Italy,Tuscany,Chianti,79,89.34722222
73788,Red,Red,Dry,1986,Fattoria Viticcio Prunaio Toscana IGT,"Italy, Tuscany, Toscana IGT",Fattoria Viticcio,Sangiovese,Italy,Tuscany,Unknown,2,88.5
176421,Red,Red,Dry,2004,Alain Voge Cornas Les Vieilles Vignes,"France, Rhône, Northern Rhône, Cornas",Alain Voge,Syrah,France,Rhône,Northern Rhône,62,92.11363636
15866,Red,Red,Dry,1993,Domaine Comte Georges de Vogüé Musigny Cuvée Vieilles Vignes,"France, Burgundy, Côte de Nuits, Musigny Grand Cru",Domaine Comte Georges de Vogüé,Pinot Noir,France,Burgundy,Côte de Nuits,56,93.35897436
11592,Red,Red,Dry,1990,Castello di Volpaia Coltassala Vino da Tavola,"Italy, Tuscany, Vino da Tavola",Castello di Volpaia,Sangiovese Blend,Italy,Tuscany,Unknown,2,85.5
1063244,White,White,Dry,2005,Freie Weingärtner Wachau / Domäne Wachau Riesling,"Austria, Niederösterreich, Wachau",Freie Weingärtner Wachau / Domäne Wachau,Riesling,Austria,Niederösterreich,Wachau,0,
3171175,Red - Fortified,Red,Fortified,2016,Warre Porto Late Bottled Vintage,"Portugal, Douro, Porto",Warre,Port Blend,Portugal,Douro,Unknown,0,
244146,Red,Red,Dry,2001,Warwick Estate Three Cape Ladies Cape Blend,"South Africa, Coastal Region, Stellenbosch, Simonsberg-Stellenbosch",Warwick Estate,Red Bordeaux Blend,South Africa,Coastal Region,Stellenbosch,18,89.8
2562163,White,White,Dry,1996,Weingut Robert Weil Kiedricher Gräfenberg Riesling Kabinett,"Germany, Rheingau",Weingut Robert Weil,Riesling,Germany,Rheingau,Unknown,0,
102947,Red,Red,Dry,1989,Woodward Canyon Cabernet Sauvignon Columbia Valley,"USA, Washington, Columbia Valley",Woodward Canyon,Cabernet Sauvignon,USA,Washington,Columbia Valley,2,89
14147,Red,Red,Dry,1987,Woodward Canyon Cabernet Sauvignon Columbia Valley,"USA, Washington, Columbia Valley",Woodward Canyon,Cabernet Sauvignon,USA,Washington,Columbia Valley,4,84.33333333
352327,White,White,Dry,1990,Woodward Canyon Chardonnay,"USA, Washington, Columbia Valley",Woodward Canyon,Chardonnay,USA,Washington,Columbia Valley,2,93
1358913,Red,Red,Dry,2010,Wynns Coonawarra Estate Cabernet Sauvignon Black Label,"Australia, South Australia, Limestone Coast, Coonawarra",Wynns Coonawarra Estate,Cabernet Sauvignon,Australia,South Australia,Limestone Coast,104,90.18478261
49261,White - Fortified,White,Fortified,1001,Yalumba Old Sweet White Museum Release,"Australia, Victoria, North East, Rutherglen",Yalumba,Muscat Blend,Australia,Victoria,North East,3,91.66666667
1094524,Red,Red,Dry,2008,Yalumba Shiraz & Viognier Eden Valley,"Australia, South Australia, Barossa, Eden Valley",Yalumba,Shiraz Blend,Australia,South Australia,Barossa,55,87.98148148
3160627,Red,Red,Dry,2017,Yalumba The Y Series Shiraz/Viognier,"Australia, South Australia",Yalumba,Shiraz Blend,Australia,South Australia,Unknown,0,
4884,Red,Red,Dry,2001,Yangarra Park Shiraz Appellation Series,"Australia, South Australia, Fleurieu, McLaren Vale",Yangarra Park,Shiraz,Australia,South Australia,Fleurieu,17,88.05882353
1368232,Red,Red,Dry,2006,Zaca Mesa Sarah Mourvedre Chapel Vineyard,"USA, California, Central Coast, Santa Ynez Valley",Zaca Mesa,Syrah Blend,USA,California,Central Coast,0,
1329402,White,White,Dry,2009,Zind-Humbrecht Gewurztraminer,"France, Alsace",Zind-Humbrecht,Gewürztraminer,France,Alsace,Unknown,91,89.39189189
144008,White,White,Dry,2004,Zind-Humbrecht Gewurztraminer,"France, Alsace",Zind-Humbrecht,Gewürztraminer,France,Alsace,Unknown,60,88.64705882
1265506,White,White,Dry,1993,Zind-Humbrecht Gewurztraminer,"France, Alsace",Zind-Humbrecht,Gewürztraminer,France,Alsace,Unknown,2,90
6189,White,White,Dry,2001,Zind-Humbrecht Gewurztraminer Herrenweg de Turckheim,"France, Alsace",Zind-Humbrecht,Gewürztraminer,France,Alsace,Unknown,16,88.75
